[{"id":"b173a30","elType":"section","settings":{"layout":"full_width","gap":"no","custom_height":{"unit":"vh","size":0},"column_position":"stretch","structure":"20","background_background":"classic","background_color":"rgba(255,255,255,0.56)","heading_color":"#000000","color_text":"#000000","color_link":"#ffb711","color_link_hover":"#f4a433","padding":{"unit":"px","top":"0","right":"0","bottom":"0","left":"0","isLinked":true},"content_position":"middle","border_color":"#7a7a7a"},"elements":[{"id":"b8e2c7a","elType":"column","settings":{"_column_size":50,"_inline_size":50.047,"background_background":"classic","padding":{"unit":"px","top":"0","right":"0","bottom":"0","left":"0","isLinked":true}},"elements":[{"id":"d610e75","elType":"widget","settings":{"editor":"[mwb_upsell_image]"},"elements":[],"widgetType":"text-editor"}],"isInner":false},{"id":"cdf9717","elType":"column","settings":{"_column_size":50,"_inline_size":49.953,"margin_tablet":{"unit":"px","top":"0","right":"0","bottom":"0","left":"0","isLinked":true},"padding":{"unit":"px","top":"80","right":"80","bottom":"80","left":"80","isLinked":true},"padding_tablet":{"unit":"px","top":"40","right":"40","bottom":"40","left":"40","isLinked":true},"padding_mobile":{"unit":"px","top":"20","right":"20","bottom":"20","left":"20","isLinked":true},"css_classes":"awp-ether-content-width"},"elements":[{"id":"ffc499c","elType":"widget","settings":{"editor":"<p>[mwb_upsell_title]<\/p>","text_color":"#000000","typography_typography":"custom","typography_font_family":"Montserrat","typography_font_size":{"unit":"px","size":60},"typography_font_weight":"600","_margin":{"unit":"px","top":"-26","right":"0","bottom":"0","left":"-10","isLinked":false},"typography_font_size_mobile":{"unit":"px","size":40},"_margin_mobile":{"unit":"px","top":"0","right":"0","bottom":"0","left":"0","isLinked":true},"align_mobile":"center"},"elements":[],"widgetType":"text-editor"},{"id":"b2f2cb1","elType":"widget","settings":{"weight":{"unit":"px","size":"3"},"width":{"unit":"%","size":"20"},"color":"#000000","align_mobile":"center"},"elements":[],"widgetType":"divider"},{"id":"7b30cf4","elType":"widget","settings":{"editor":"<p>Get this awesome set of casual clothing on a special offer. Use this area here for something similar.<\/p>","typography_typography":"custom","typography_font_size":{"unit":"px","size":"20"},"typography_font_family":"Rubik","typography_font_weight":"300","typography_line_height":{"unit":"px","size":"35"},"typography_font_size_mobile":{"unit":"px","size":"20"},"typography_line_height_mobile":{"unit":"px","size":30},"align_mobile":"center","typography_font_size_tablet":{"unit":"px","size":"20"}},"elements":[],"widgetType":"text-editor"},{"id":"70c9eea","elType":"widget","settings":{"space":{"unit":"px","size":"20"},"space_tablet":{"unit":"px","size":"20"},"space_mobile":{"unit":"px","size":"10"}},"elements":[],"widgetType":"spacer"},{"id":"e276b9d","elType":"widget","settings":{"title":"Expiring soon","header_size":"p","typography_typography":"custom","typography_font_size":{"unit":"px","size":"12"},"typography_font_family":"Montserrat","title_color":"#000000","typography_font_size_tablet":{"unit":"px","size":"12"},"typography_font_size_mobile":{"unit":"px","size":"12"},"typography_letter_spacing":{"unit":"px","size":"3"},"typography_font_weight":"500","typography_text_transform":"uppercase","align_mobile":"center"},"elements":[],"widgetType":"heading"},{"id":"de7dc06","elType":"widget","settings":{"editor":"<p>[mwb_upsell_price]<\/p>","text_color":"#000000","typography_typography":"custom","typography_font_family":"Georgia","typography_font_size":{"unit":"px","size":45},"align_mobile":"center"},"elements":[],"widgetType":"text-editor"},{"id":"8296495","elType":"widget","settings":{"space":{"unit":"px","size":20}},"elements":[],"widgetType":"spacer"},{"id":"2309d1d","elType":"widget","settings":{"text":"Get this deal &darr;","size":"xl","typography_typography":"custom","typography_font_size":{"unit":"px","size":"17"},"typography_font_family":"Montserrat","typography_font_weight":"600","typography_text_transform":"uppercase","typography_letter_spacing":{"unit":"px","size":"2"},"button_text_color":"#ffffff","background_color":"#78c900","hover_color":"#ffffff","button_background_hover_color":"#80d600","border_radius":{"unit":"px","top":"0","right":"0","bottom":"0","left":"0","isLinked":true},"align_tablet":"justify","align_mobile":"justify","_animation":"fadeIn","link":{"is_external":"","url":"#details"},"hover_animation":"grow"},"elements":[],"widgetType":"button"}],"isInner":false}],"isInner":false},{"id":"7ee52d9","elType":"section","settings":{"gap":"no","custom_height":{"unit":"px","size":1000},"content_position":"middle","padding":{"unit":"px","top":"0","right":"0","bottom":"0","left":"0","isLinked":false},"padding_tablet":{"unit":"px","top":"0","right":"25","bottom":"0","left":"25","isLinked":false},"padding_mobile":{"unit":"px","top":"25","right":"20","bottom":"25","left":"20","isLinked":false},"margin":{"unit":"px","top":"100","right":0,"bottom":"0","left":0,"isLinked":false},"layout":"full_width","margin_tablet":{"unit":"px","top":"25","right":0,"bottom":"25","left":0,"isLinked":true}},"elements":[{"id":"ef35e99","elType":"column","settings":{"_column_size":100,"padding":{"unit":"px","top":"0","right":"0","bottom":"0","left":"0","isLinked":false}},"elements":[{"id":"868ef01","elType":"widget","settings":{"title":"Amazing Features","align":"center","title_color":"#000000","typography_typography":"custom","typography_font_size":{"unit":"px","size":45},"typography_font_weight":"300","typography_line_height":{"unit":"em","size":1.2},"typography_font_size_mobile":{"unit":"px","size":35},"header_size":"h4","typography_font_family":"Roboto"},"elements":[],"widgetType":"heading"},{"id":"d078797","elType":"widget","settings":{"editor":"<p>I am text block. Click edit button to change this text. Lorem ipsum dolor sit amet, consectetur adipiscing elit. Ut elit tellus, luctus nec ullamcorper mattis, pulvinar dapibus leo.<\/p>","align":"center","text_color":"#bfbfbf","typography_typography":"custom","typography_font_size":{"unit":"px","size":16},"typography_font_weight":"300","typography_line_height":{"unit":"em","size":2},"_padding":{"unit":"%","top":"0","right":"15","bottom":"0","left":"15","isLinked":false},"_padding_tablet":{"unit":"px","top":"0","right":"25","bottom":"0","left":"25","isLinked":false},"_padding_mobile":{"unit":"px","top":"0","right":"0","bottom":"0","left":"0","isLinked":true}},"elements":[],"widgetType":"text-editor"},{"id":"c78fd90","elType":"section","settings":{"gap":"no","content_position":"middle","structure":"30","padding":{"unit":"px","top":"15","right":"15","bottom":"15","left":"15","isLinked":true},"padding_tablet":{"unit":"px","top":"15","right":"0","bottom":"0","left":"0","isLinked":false},"padding_mobile":{"unit":"px","top":"15","right":"0","bottom":"0","left":"0","isLinked":false},"layout":"full_width"},"elements":[{"id":"cd4507a","elType":"column","settings":{"_column_size":33,"_inline_size":null,"padding":{"unit":"px","top":"25","right":"25","bottom":"25","left":"25","isLinked":true},"padding_tablet":{"unit":"px","top":"20","right":"20","bottom":"20","left":"20","isLinked":true},"padding_mobile":{"unit":"px","top":"0","right":"0","bottom":"0","left":"0","isLinked":true}},"elements":[{"id":"2d5bb96","elType":"widget","settings":{"title":"Feature #1","header_size":"h3","align":"center","title_color":"#000000","typography_typography":"custom","typography_font_size":{"unit":"px","size":18},"typography_font_weight":"600","typography_text_transform":"uppercase"},"elements":[],"widgetType":"heading"},{"id":"ed2f0da","elType":"widget","settings":{"editor":"<p>I am text block. Click edit button to change this text. Lorem ipsum dolor sit amet<\/p>","align":"center","text_color":"#bfbfbf","typography_typography":"custom","typography_font_size":{"unit":"px","size":16},"typography_font_weight":"300","typography_line_height":{"unit":"em","size":2}},"elements":[],"widgetType":"text-editor"}],"isInner":true},{"id":"7d14828","elType":"column","settings":{"_column_size":33,"_inline_size":null,"padding":{"unit":"px","top":"25","right":"25","bottom":"25","left":"25","isLinked":true},"padding_tablet":{"unit":"px","top":"20","right":"20","bottom":"20","left":"20","isLinked":true},"padding_mobile":{"unit":"px","top":"15","right":"0","bottom":"0","left":"0","isLinked":false}},"elements":[{"id":"e1a8f95","elType":"widget","settings":{"title":"FEATURE #2","header_size":"h3","align":"center","title_color":"#000000","typography_typography":"custom","typography_font_size":{"unit":"px","size":18},"typography_font_weight":"600","typography_text_transform":"uppercase"},"elements":[],"widgetType":"heading"},{"id":"e73a96e","elType":"widget","settings":{"editor":"<p>I am text block. Click edit button to change this text. Lorem ipsum dolor sit amet<\/p>","align":"center","text_color":"#bfbfbf","typography_typography":"custom","typography_font_size":{"unit":"px","size":16},"typography_font_weight":"300","typography_line_height":{"unit":"em","size":2}},"elements":[],"widgetType":"text-editor"}],"isInner":true},{"id":"680254b","elType":"column","settings":{"_column_size":33,"_inline_size":null,"padding":{"unit":"px","top":"25","right":"25","bottom":"25","left":"25","isLinked":true},"padding_tablet":{"unit":"px","top":"20","right":"20","bottom":"20","left":"20","isLinked":true},"padding_mobile":{"unit":"px","top":"15","right":"0","bottom":"0","left":"0","isLinked":false}},"elements":[{"id":"02d242f","elType":"widget","settings":{"title":"Feature #3","header_size":"h3","align":"center","title_color":"#000000","typography_typography":"custom","typography_font_size":{"unit":"px","size":18},"typography_font_weight":"600","typography_text_transform":"uppercase"},"elements":[],"widgetType":"heading"},{"id":"34f336b","elType":"widget","settings":{"editor":"<p>I am text block. Click edit button to change this text. Lorem ipsum dolor sit amet<\/p>","align":"center","text_color":"#bfbfbf","typography_typography":"custom","typography_font_size":{"unit":"px","size":16},"typography_font_weight":"300","typography_line_height":{"unit":"em","size":2}},"elements":[],"widgetType":"text-editor"}],"isInner":true}],"isInner":true}],"isInner":false}],"isInner":false},{"id":"6f911d1","elType":"section","settings":{"gap":"no","custom_height":{"unit":"vh","size":""},"column_position":"stretch","background_background":"classic","heading_color":"#000000","color_text":"#474747","color_link":"#f6bb34","color_link_hover":"#f4a433","padding":{"unit":"px","top":"50","right":"50","bottom":"50","left":"50","isLinked":true},"text_align":"left","content_width":{"unit":"px","size":500},"background_position":"top right","background_repeat":"no-repeat","background_size":"cover","padding_tablet":{"unit":"px","top":"0","right":"0","bottom":"0","left":"0","isLinked":true},"padding_mobile":{"unit":"px","top":"0","right":"0","bottom":"0","left":"0","isLinked":true},"background_color_b":"#ffffff"},"elements":[{"id":"668e7b7","elType":"column","settings":{"_column_size":100,"_inline_size":null,"margin_tablet":{"unit":"px","top":"0","right":"0","bottom":"0","left":"0","isLinked":true},"content_position":"center","padding_tablet":{"unit":"px","top":"40","right":"40","bottom":"40","left":"40","isLinked":true},"padding_mobile":{"unit":"px","top":"20","right":"20","bottom":"20","left":"20","isLinked":true},"background_background":"classic","text_align":"center"},"elements":[{"id":"3881a18","elType":"widget","settings":{"space":{"unit":"px","size":"30"},"space_tablet":{"unit":"px","size":"20"},"space_mobile":{"unit":"px","size":"10"}},"elements":[],"widgetType":"spacer"},{"id":"462cf4e","elType":"section","settings":[],"elements":[{"id":"7fae10d","elType":"column","settings":{"_column_size":100,"_inline_size":null,"background_background":"classic","background_color":"#ffffff","box_shadow_box_shadow_type":"yes","box_shadow_box_shadow":{"horizontal":0,"vertical":0,"blur":"40","spread":0,"inset":"","color":"rgba(0,0,0,0.41)"},"padding":{"unit":"px","top":"40","right":"40","bottom":"40","left":"40","isLinked":true},"padding_tablet":{"unit":"px","top":"40","right":"40","bottom":"40","left":"40","isLinked":true},"padding_mobile":{"unit":"px","top":"20","right":"20","bottom":"20","left":"20","isLinked":true}},"elements":[{"id":"89c6976","elType":"widget","settings":{"editor":"<p>[mwb_upsell_star_review stars=4.5]<\/p>","align":"center"},"elements":[],"widgetType":"text-editor"},{"id":"7466512","elType":"widget","settings":{"testimonial_content":"An absolutely awesome product, well packaged and at very reasonable pricing. Can't thank you enough for this special deal. Thank you!","testimonial_image":{"id":"","url":""},"testimonial_name":"Jane Austin","testimonial_job":"fashion blogger","testimonial_image_position":"top","content_typography_typography":"custom","content_typography_font_size":{"unit":"px","size":"17"},"content_typography_font_family":"Rubik","content_typography_font_weight":"300","name_text_color":"#000000","name_typography_typography":"custom","name_typography_font_size":{"unit":"px","size":"14"},"name_typography_font_family":"Montserrat","name_typography_font_weight":"500","name_typography_text_transform":"uppercase","name_typography_letter_spacing":{"unit":"px","size":"2"},"job_text_color":"#999999","job_typography_typography":"custom","job_typography_font_size":{"unit":"px","size":"12"},"job_typography_font_family":"Montserrat","job_typography_font_weight":"300","job_typography_text_transform":"uppercase"},"elements":[],"widgetType":"testimonial"}],"isInner":true}],"isInner":true},{"id":"a9f9468","elType":"widget","settings":{"space":{"unit":"px","size":"30"},"space_tablet":{"unit":"px","size":"30"},"space_mobile":{"unit":"px","size":"10"}},"elements":[],"widgetType":"spacer"}],"isInner":false}],"isInner":false},{"id":"88379fa","elType":"section","settings":{"layout":"full_width","gap":"no","structure":"30","content_width":{"unit":"px","size":567},"margin":{"unit":"px","top":"50","right":0,"bottom":"0","left":0,"isLinked":false}},"elements":[{"id":"6e3835b","elType":"column","settings":{"_column_size":33,"_inline_size":null},"elements":[{"id":"e13bbc0","elType":"widget","settings":{"icon":"fa fa-truck","title_text":"Fast Delivery","description_text":"Add some text here to describe your services to the page visitors.","primary_color":"rgba(0,0,0,0.89)","title_color":"rgba(0,0,0,0.89)","title_typography_typography":"custom","title_typography_font_family":"Montserrat","description_color":"rgba(84,89,95,0.96)","icon_size_tablet":{"unit":"px","size":35},"title_typography_font_size_tablet":{"unit":"px","size":18},"description_typography_typography":"custom","description_typography_font_size_tablet":{"unit":"px","size":14},"_margin_mobile":{"unit":"px","top":"5","right":"0","bottom":"5","left":"0","isLinked":false},"title_typography_font_size":{"unit":"px","size":25},"title_typography_font_size_mobile":{"unit":"px","size":20},"description_typography_font_size":{"unit":"px","size":15},"description_typography_font_size_mobile":{"unit":"px","size":13},"description_typography_font_family":"Rubik","_margin":{"unit":"px","top":"","right":"","bottom":"","left":"","isLinked":false},"_padding":{"unit":"px","top":"50","right":"50","bottom":"50","left":"50","isLinked":true}},"elements":[],"widgetType":"icon-box"}],"isInner":true},{"id":"1d73813","elType":"column","settings":{"_column_size":33,"_inline_size":null},"elements":[{"id":"12dee83","elType":"widget","settings":{"icon":"fa fa-suitcase","title_text":"Professional","description_text":"Add some text here to describe your services to the page visitors.","primary_color":"rgba(0,0,0,0.89)","title_color":"rgba(0,0,0,0.89)","title_typography_typography":"custom","title_typography_font_family":"Montserrat","description_color":"rgba(84,89,95,0.96)","icon_size_tablet":{"unit":"px","size":35},"title_typography_font_size_tablet":{"unit":"px","size":18},"description_typography_typography":"custom","description_typography_font_size_tablet":{"unit":"px","size":14},"_margin_mobile":{"unit":"px","top":"5","right":"0","bottom":"5","left":"0","isLinked":false},"title_typography_font_size":{"unit":"px","size":25},"title_typography_font_size_mobile":{"unit":"px","size":20},"description_typography_font_size":{"unit":"px","size":15},"description_typography_font_size_mobile":{"unit":"px","size":13},"description_typography_font_family":"Rubik","_margin":{"unit":"px","top":"","right":"","bottom":"","left":"","isLinked":false},"_padding":{"unit":"px","top":"50","right":"50","bottom":"50","left":"50","isLinked":true}},"elements":[],"widgetType":"icon-box"}],"isInner":true},{"id":"c1c64f2","elType":"column","settings":{"_column_size":33,"_inline_size":null},"elements":[{"id":"aebe046","elType":"widget","settings":{"icon":"fa fa-gift","title_text":"Product Quality","description_text":"Add some text here to describe your services to the page visitors.","primary_color":"rgba(0,0,0,0.89)","title_color":"rgba(0,0,0,0.89)","title_typography_typography":"custom","title_typography_font_family":"Montserrat","description_color":"rgba(84,89,95,0.96)","icon_size_tablet":{"unit":"px","size":35},"title_typography_font_size_tablet":{"unit":"px","size":18},"description_typography_typography":"custom","description_typography_font_size_tablet":{"unit":"px","size":14},"_margin_mobile":{"unit":"px","top":"5","right":"0","bottom":"5","left":"0","isLinked":false},"title_typography_font_size":{"unit":"px","size":25},"title_typography_font_size_mobile":{"unit":"px","size":20},"description_typography_font_size":{"unit":"px","size":15},"description_typography_font_size_mobile":{"unit":"px","size":13},"description_typography_font_family":"Rubik","_margin":{"unit":"px","top":"","right":"","bottom":"","left":"","isLinked":false},"_padding":{"unit":"px","top":"50","right":"50","bottom":"50","left":"50","isLinked":true}},"elements":[],"widgetType":"icon-box"}],"isInner":true}],"isInner":true},{"id":"545d3c6","elType":"section","settings":{"gap":"no","custom_height":{"unit":"vh","size":""},"column_position":"stretch","background_background":"classic","background_color":"#ffffff","heading_color":"#000000","color_text":"#474747","color_link":"#f6bb34","color_link_hover":"#f4a433","padding":{"unit":"px","top":"0","right":"0","bottom":"0","left":"0","isLinked":true},"text_align":"left","layout":"full_width"},"elements":[{"id":"43b7564","elType":"column","settings":{"_column_size":100,"_inline_size":null,"margin_tablet":{"unit":"px","top":"0","right":"0","bottom":"0","left":"0","isLinked":true},"padding":{"unit":"px","top":"80","right":"80","bottom":"80","left":"80","isLinked":true},"content_position":"center","padding_tablet":{"unit":"px","top":"40","right":"40","bottom":"40","left":"40","isLinked":true},"padding_mobile":{"unit":"px","top":"20","right":"20","bottom":"20","left":"20","isLinked":true},"background_background":"classic","text_align":"center"},"elements":[{"id":"1ce73ab","elType":"widget","settings":{"title":"quality you can trust","header_size":"p","typography_typography":"custom","typography_font_size":{"unit":"px","size":"13"},"typography_font_family":"Montserrat","typography_font_size_tablet":{"unit":"px","size":"13"},"typography_font_size_mobile":{"unit":"px","size":"13"},"typography_letter_spacing":{"unit":"px","size":"3"},"typography_font_weight":"500","typography_text_transform":"uppercase"},"elements":[],"widgetType":"heading"},{"id":"c918f9e","elType":"widget","settings":{"title":"Product details","typography_typography":"custom","typography_font_size":{"unit":"px","size":"45"},"typography_font_size_tablet":{"unit":"px","size":"35"},"typography_font_size_mobile":{"unit":"px","size":"35"},"typography_font_family":"Montserrat","typography_font_weight":"600","typography_letter_spacing":{"unit":"px","size":"-1"}},"elements":[],"widgetType":"heading"},{"id":"2d74c50","elType":"widget","settings":{"weight":{"unit":"px","size":"3"},"width":{"unit":"%","size":"20"},"color":"#000000"},"elements":[],"widgetType":"divider"},{"id":"0cacda2","elType":"widget","settings":{"space":{"unit":"px","size":"30"},"space_tablet":{"unit":"px","size":"20"},"space_mobile":{"unit":"px","size":"10"}},"elements":[],"widgetType":"spacer"},{"id":"ca99b45","elType":"widget","settings":{"tabs":[{"tab_title":"Info","tab_content":"<p>Fashion is a popular style or practice, especially in clothing, footwear, accessories, makeup, body, or furniture. It is the prevailing styles in behaviour and the newest creations of textile designers. Because the more technical term costume is regularly linked to the term 'fashion', the use of the former has been relegated to special senses like fancy dress or masquerade wear, while 'fashion' generally means clothing, including the study of it.<\/p>","_id":"fda65d5"},{"tab_title":"Sizes","tab_content":"<p>Because the more technical term costume is regularly linked to the term 'fashion', the use of the former has been relegated to special senses like fancy dress or masquerade wear, while 'fashion' generally means clothing, including the study of it. Although aspects of fashion can be feminine or masculine, some trends are androgynous.<\/p>","_id":"djvy16u"},{"tab_title":"Orders","tab_content":"<p>Although aspects of fashion can be feminine or masculine, some trends are androgynous. Because the more technical term costume is regularly linked to the term 'fashion', the use of the former has been relegated to special senses like fancy dress or masquerade wear, while 'fashion' generally means clothing, including the study of it.<\/p>","_id":"te1959s"}],"border_width":{"unit":"px","size":0},"tab_color":"#e2e2e2","tab_active_color":"#000000","tab_typography_typography":"custom","tab_typography_font_size":{"unit":"px","size":"45"},"tab_typography_font_size_tablet":{"unit":"px","size":"35"},"tab_typography_font_size_mobile":{"unit":"px","size":"30"},"tab_typography_font_family":"Montserrat","tab_typography_font_weight":"600","tab_typography_letter_spacing":{"unit":"px","size":"-1"},"content_color":"#000000","content_typography_typography":"custom","content_typography_font_size":{"unit":"px","size":"17"},"content_typography_font_family":"Rubik","content_typography_font_weight":"300","content_typography_line_height":{"unit":"px","size":"27"},"_element_id":"details"},"elements":[],"widgetType":"tabs"},{"id":"3bdeecd","elType":"widget","settings":{"editor":"[mwb_upsell_price]","text_color":"#000000","typography_typography":"custom","typography_font_size":{"unit":"px","size":68},"typography_font_weight":"300","typography_font_size_mobile":{"unit":"px","size":40}},"elements":[],"widgetType":"text-editor"},{"id":"a90e75e","elType":"section","settings":{"content_width":{"unit":"px","size":500},"gap":"extended","margin":{"unit":"px","top":"0","right":0,"bottom":"12","left":0,"isLinked":false}},"elements":[{"id":"6507cb7","elType":"column","settings":{"_column_size":100,"_inline_size":null,"padding":{"unit":"px","top":"10","right":"0","bottom":"10","left":"0","isLinked":false}},"elements":[{"id":"b07bea0","elType":"widget","settings":{"editor":"<p>[mwb_upsell_variations]<\/p>","text_color":"#7a7a7a","typography_typography":"custom","typography_font_size":{"unit":"px","size":15},"typography_font_family":"Roboto","typography_font_weight":"400","typography_line_height":{"unit":"px","size":""}},"elements":[],"widgetType":"text-editor"}],"isInner":true}],"isInner":true},{"id":"e65c53b","elType":"section","settings":{"content_width":{"unit":"px","size":540},"structure":"70","shape_divider_top":"mountains","hide_mobile":"hidden-phone"},"elements":[{"id":"fdf148d","elType":"column","settings":{"_column_size":14,"_inline_size":null},"elements":[{"id":"0d61ae1","elType":"widget","settings":{"icon":"fa fa-cc-amex","primary_color":"rgba(122,122,122,0.52)"},"elements":[],"widgetType":"icon"}],"isInner":false},{"id":"edfd8bc","elType":"column","settings":{"_column_size":14,"_inline_size":null},"elements":[{"id":"1a33f58","elType":"widget","settings":{"icon":"fa fa-cc-discover","primary_color":"rgba(122,122,122,0.52)"},"elements":[],"widgetType":"icon"}],"isInner":false},{"id":"16f937b","elType":"column","settings":{"_column_size":14,"_inline_size":null},"elements":[{"id":"c421a41","elType":"widget","settings":{"icon":"fa fa-cc-jcb","primary_color":"rgba(122,122,122,0.52)"},"elements":[],"widgetType":"icon"}],"isInner":false},{"id":"1d90c12","elType":"column","settings":{"_column_size":14,"_inline_size":null},"elements":[{"id":"3dc359b","elType":"widget","settings":{"icon":"fa fa-cc-paypal","primary_color":"rgba(122,122,122,0.52)"},"elements":[],"widgetType":"icon"}],"isInner":false},{"id":"587c526","elType":"column","settings":{"_column_size":14,"_inline_size":null},"elements":[{"id":"fc67c1b","elType":"widget","settings":{"icon":"fa fa-cc-stripe","primary_color":"rgba(122,122,122,0.52)"},"elements":[],"widgetType":"icon"}],"isInner":false},{"id":"53467ea","elType":"column","settings":{"_column_size":14,"_inline_size":null},"elements":[{"id":"e8717f2","elType":"widget","settings":{"icon":"fa fa-cc-mastercard","primary_color":"rgba(122,122,122,0.52)"},"elements":[],"widgetType":"icon"}],"isInner":false},{"id":"7c480bd","elType":"column","settings":{"_column_size":14,"_inline_size":null},"elements":[{"id":"1bb16d1","elType":"widget","settings":{"icon":"fa fa-cc-visa","primary_color":"rgba(122,122,122,0.52)"},"elements":[],"widgetType":"icon"}],"isInner":false}],"isInner":false},{"id":"0f39876","elType":"section","settings":[],"elements":[{"id":"48de624","elType":"column","settings":{"_column_size":100},"elements":[{"id":"b24cf4c","elType":"widget","settings":{"text":"Add this to my Order","link":{"url":"[mwb_upsell_yes]","is_external":"","nofollow":""},"align":"justify","size":"xl","typography_typography":"custom","typography_text_transform":"capitalize","background_color":"#78c900","button_box_shadow_box_shadow_type":"yes","button_box_shadow_box_shadow":{"horizontal":2,"vertical":2,"blur":20,"spread":5,"color":"rgba(0,0,0,0.14)"},"icon_indent":{"unit":"px","size":14},"button_text_color":"#ffffff","border_width":{"unit":"px","top":"5","right":"5","bottom":"5","left":"5","isLinked":true},"border_radius":{"unit":"px","top":"10","right":"10","bottom":"10","left":"10","isLinked":true},"typography_font_family":"Roboto","button_background_hover_color":"#80d600","typography_line_height_mobile":{"unit":"em","size":1},"align_tablet":"justify","_margin_tablet":{"unit":"%","top":"0","right":"0","bottom":"0","left":"0","isLinked":false},"_margin_mobile":{"unit":"px","top":"0","right":"0","bottom":"0","left":"0","isLinked":false},"_padding_mobile":{"unit":"px","top":"0","right":"0","bottom":"0","left":"0","isLinked":true},"typography_font_size_mobile":{"unit":"px","size":18}},"elements":[],"widgetType":"button"},{"id":"2371537","elType":"widget","settings":{"editor":"<p>Trust us, you'll love this product for sure. We'll even ship this in the same package for free.<\/p>","align":"center","typography_typography":"custom","typography_font_size":{"unit":"px","size":20},"typography_font_weight":"300","typography_line_height":{"unit":"em","size":2},"_padding":{"unit":"%","top":"0","right":"15","bottom":"0","left":"15","isLinked":false},"_padding_tablet":{"unit":"px","top":"0","right":"25","bottom":"0","left":"25","isLinked":false},"_padding_mobile":{"unit":"px","top":"0","right":"0","bottom":"0","left":"0","isLinked":true},"typography_font_family":"Rubik","typography_font_size_tablet":{"unit":"px","size":20},"typography_font_size_mobile":{"unit":"px","size":14}},"elements":[],"widgetType":"text-editor"},{"id":"55db1cd","elType":"widget","settings":{"text":"No thanks, I understand that I'll never get this offer again at this price","link":{"url":"[mwb_upsell_no]","is_external":"","nofollow":""},"align":"center","size":"lg","typography_typography":"custom","background_color":"#e50000","button_box_shadow_box_shadow_type":"yes","button_box_shadow_box_shadow":{"horizontal":2,"vertical":2,"blur":20,"spread":5,"color":"rgba(0,0,0,0.14)"},"icon_indent":{"unit":"px","size":14},"button_text_color":"#ffffff","border_width":{"unit":"px","top":"5","right":"5","bottom":"5","left":"5","isLinked":true},"border_radius":{"unit":"px","top":"10","right":"10","bottom":"10","left":"10","isLinked":true},"typography_font_family":"Roboto","button_background_hover_color":"#bf0000","align_mobile":"justify","typography_font_size_mobile":{"unit":"px","size":12},"typography_line_height_mobile":{"unit":"em","size":1},"typography_font_weight":"400","_margin_tablet":{"unit":"%","top":"","right":"","bottom":"","left":"","isLinked":false},"_margin_mobile":{"unit":"%","top":"","right":"","bottom":"","left":"","isLinked":false},"_padding_mobile":{"unit":"em","top":"0","right":"0","bottom":"0","left":"0","isLinked":false}},"elements":[],"widgetType":"button"}],"isInner":false}],"isInner":false},{"id":"1881c2d","elType":"widget","settings":{"space":{"unit":"px","size":"30"},"space_tablet":{"unit":"px","size":"30"},"space_mobile":{"unit":"px","size":"10"}},"elements":[],"widgetType":"spacer"}],"isInner":false}],"isInner":false}]