[{"id":"52524c8","elType":"section","settings":{"layout":"full_width","gap":"no"},"elements":[{"id":"6c00b58","elType":"column","settings":{"_column_size":100},"elements":[{"id":"257179f","elType":"widget","settings":{"title":"","progress_type":"success","percent":{"unit":"%","size":90},"inner_text":"ALMOST COMPLETE","bar_color":"#a1d162"},"elements":[],"widgetType":"progress"}],"isInner":false}],"isInner":false},{"id":"f0941c2","elType":"section","settings":{"layout":"full_width","gap":"extended","content_position":"middle","structure":"21","background_background":"gradient","background_color":"#008dad#2936c6","background_color_b":"#008dad","background_gradient_angle":{"unit":"deg","size":220}},"elements":[{"id":"21ee077","elType":"column","settings":{"_column_size":33,"_inline_size":31.056},"elements":[{"id":"83e889c","elType":"widget","settings":{"icon":"fa fa-hourglass-1","align":"right","size":{"unit":"px","size":60},"view":"framed","primary_color":"#ffffff","secondary_color":"#c2e26a","hover_primary_color":"#c2e26a","hover_secondary_color":"#ffffff","hover_animation":"pulse","_animation":"fadeInLeft","align_mobile":"center"},"elements":[],"widgetType":"icon"}],"isInner":false},{"id":"08973d9","elType":"column","settings":{"_column_size":66,"_inline_size":68.943,"content_position":"center"},"elements":[{"id":"97f2740","elType":"widget","settings":{"title":"WAIT YOUR ORDER IS NOT YET COMPLETE","align":"left","title_color":"#c2e26a","typography_typography":"custom","typography_font_family":"Roboto","typography_line_height":{"unit":"em","size":1.3},"align_mobile":"center","typography_font_size_mobile":{"unit":"px","size":23},"align_tablet":"left","typography_font_size_tablet":{"unit":"px","size":22},"typography_font_size":{"unit":"px","size":30}},"elements":[],"widgetType":"heading"}],"isInner":false}],"isInner":false},{"id":"aafae3e","elType":"section","settings":{"background_background":"classic","background_color":"#ffffff","margin":{"unit":"px","top":"2","right":0,"bottom":"2","left":0,"isLinked":true}},"elements":[{"id":"823a67b","elType":"column","settings":{"_column_size":100},"elements":[{"id":"e87e51d","elType":"widget","settings":{"title":"we have an Exclusive special one time offer for you!!","align":"center","typography_typography":"custom","typography_font_family":"Roboto","typography_font_size":{"unit":"px","size":43},"typography_font_weight":"200","typography_text_transform":"capitalize","title_color":"#7a7a7a","typography_line_height":{"unit":"em","size":1.5},"typography_letter_spacing":{"unit":"px","size":0},"text_shadow_text_shadow_type":"yes","text_shadow_text_shadow":{"horizontal":0,"vertical":0,"blur":15,"color":"rgba(0,0,0,0.3)"},"typography_font_size_mobile":{"unit":"px","size":27},"typography_font_size_tablet":{"unit":"px","size":29}},"elements":[],"widgetType":"heading"}],"isInner":false}],"isInner":false},{"id":"97b9eb4","elType":"section","settings":{"content_width":{"unit":"px","size":700},"gap":"no","background_background":"gradient","background_color":"#2980b9","background_color_b":"#6dd5fa","background_gradient_angle":{"unit":"deg","size":150},"shape_divider_top":"wave-brush","shape_divider_bottom":"wave-brush","margin":{"unit":"px","top":"10","right":0,"bottom":"0","left":0,"isLinked":false},"padding":{"unit":"px","top":"150","right":"0","bottom":"150","left":"0","isLinked":false},"margin_mobile":{"unit":"px","top":"","right":0,"bottom":"","left":0,"isLinked":true},"padding_mobile":{"unit":"px","top":"20","right":"0","bottom":"50","left":"0","isLinked":false},"layout":"full_width","margin_tablet":{"unit":"px","top":"","right":0,"bottom":"","left":0,"isLinked":true},"padding_tablet":{"unit":"px","top":"100","right":"0","bottom":"100","left":"0","isLinked":false}},"elements":[{"id":"794d554","elType":"column","settings":{"_column_size":100},"elements":[{"id":"5ca8e86","elType":"section","settings":{"content_width":{"unit":"px","size":1300},"gap":"extended","content_position":"middle","structure":"20","border_width":{"unit":"px","top":"1","right":"1","bottom":"1","left":"1","isLinked":true},"border_color":"#ffffff"},"elements":[{"id":"9e4d496","elType":"column","settings":{"_column_size":50,"_inline_size":40,"content_position":"center","border_width":{"unit":"px","top":"1","right":"1","bottom":"1","left":"1","isLinked":true},"border_color":"#ffffff","margin":{"unit":"%","top":"","right":"","bottom":"","left":"","isLinked":true},"padding":{"unit":"px","top":"50","right":"50","bottom":"50","left":"50","isLinked":true},"_inline_size_tablet":40},"elements":[{"id":"c109315","elType":"widget","settings":{"color":"#ffffff","align":"center","gap":{"unit":"px","size":20},"width_mobile":{"unit":"%","size":100},"gap_mobile":{"unit":"px","size":10},"_margin":{"unit":"%","top":"","right":"","bottom":"","left":"","isLinked":false},"_margin_mobile":{"unit":"px","top":"15","right":"0","bottom":"-5","left":"0","isLinked":false}},"elements":[],"widgetType":"divider"},{"id":"302d112","elType":"widget","settings":{"editor":"[mwb_upsell_image]"},"elements":[],"widgetType":"text-editor"},{"id":"bd8c555","elType":"widget","settings":{"color":"#ffffff","width":{"unit":"%","size":60},"align":"center","gap":{"unit":"px","size":20},"width_mobile":{"unit":"%","size":60},"gap_mobile":{"unit":"px","size":10},"_margin":{"unit":"px","top":"","right":"","bottom":"","left":"","isLinked":false},"_margin_mobile":{"unit":"px","top":"15","right":"0","bottom":"-30","left":"0","isLinked":false}},"elements":[],"widgetType":"divider"}],"isInner":true},{"id":"5771d42","elType":"column","settings":{"_column_size":50,"_inline_size":60,"border_color":"#ffffff","content_position":"center"},"elements":[{"id":"914af02","elType":"widget","settings":{"editor":"<p>[mwb_upsell_title]<\/p>","text_color":"#ffffff","typography_typography":"custom","typography_font_family":"Roboto","typography_font_size":{"unit":"px","size":70},"typography_font_weight":"100","align":"center","typography_font_size_mobile":{"unit":"px","size":38},"typography_font_size_tablet":{"unit":"px","size":42},"_margin":{"unit":"%","top":"0","right":"0","bottom":"5","left":"0","isLinked":false},"_margin_mobile":{"unit":"px","top":"0","right":"0","bottom":"0","left":"0","isLinked":false}},"elements":[],"widgetType":"text-editor"},{"id":"71e0764","elType":"widget","settings":{"editor":"Special Offer Price<br>[mwb_upsell_price]","text_color":"rgba(255,255,255,0.55)","typography_typography":"custom","typography_font_size":{"unit":"px","size":35},"typography_font_weight":"400","typography_font_family":"Roboto","align_mobile":"center","typography_font_size_mobile":{"unit":"px","size":21},"_padding":{"unit":"px","top":"0","right":"0","bottom":"0","left":"0","isLinked":false},"_padding_mobile":{"unit":"px","top":"0","right":"0","bottom":"10","left":"0","isLinked":false},"align":"center","typography_letter_spacing":{"unit":"px","size":0},"typography_font_size_tablet":{"unit":"px","size":24},"_margin":{"unit":"px","top":"0","right":"0","bottom":"0","left":"0","isLinked":false}},"elements":[],"widgetType":"text-editor"},{"id":"4d61c9f","elType":"section","settings":{"content_width":{"unit":"px","size":500},"gap":"extended","margin":{"unit":"px","top":"0","right":0,"bottom":"12","left":0,"isLinked":false}},"elements":[{"id":"f0a1e22","elType":"column","settings":{"_column_size":100,"_inline_size":null,"padding":{"unit":"px","top":"10","right":"0","bottom":"10","left":"0","isLinked":false}},"elements":[{"id":"453ec73","elType":"widget","settings":{"editor":"<p>[mwb_upsell_variations]<\/p>","text_color":"#ffffff","typography_typography":"custom","typography_font_size":{"unit":"px","size":15},"typography_font_family":"Roboto","typography_font_weight":"400","typography_line_height":{"unit":"px","size":""},"align":"center"},"elements":[],"widgetType":"text-editor"}],"isInner":true}],"isInner":true},{"id":"0e30336","elType":"widget","settings":{"text":"Add this to my Order","link":{"url":"[mwb_upsell_yes]","is_external":"","nofollow":""},"align":"justify","size":"lg","typography_typography":"custom","typography_text_transform":"capitalize","background_color":"#78c900","button_box_shadow_box_shadow_type":"yes","button_box_shadow_box_shadow":{"horizontal":2,"vertical":2,"blur":20,"spread":5,"color":"rgba(0,0,0,0.14)"},"icon_indent":{"unit":"px","size":14},"button_text_color":"#ffffff","border_width":{"unit":"px","top":"5","right":"5","bottom":"5","left":"5","isLinked":true},"border_radius":{"unit":"px","top":"10","right":"10","bottom":"10","left":"10","isLinked":true},"typography_font_family":"Roboto","button_background_hover_color":"#80d600","typography_line_height_mobile":{"unit":"em","size":1},"text_padding_mobile":{"unit":"px","top":"23","right":"0","bottom":"23","left":"0","isLinked":false},"_margin_mobile":{"unit":"%","top":"0","right":"5","bottom":"0","left":"5","isLinked":false},"_padding_mobile":{"unit":"px","top":"","right":"","bottom":"","left":"","isLinked":false},"typography_font_size_tablet":{"unit":"px","size":15},"_margin":{"unit":"%","top":"0","right":"0","bottom":"0","left":"0","isLinked":false}},"elements":[],"widgetType":"button"},{"id":"b3ba3bd","elType":"widget","settings":{"text":"No thanks, I would like to skip this one time offer","link":{"url":"[mwb_upsell_no]","is_external":"","nofollow":""},"align":"justify","size":"lg","typography_typography":"custom","background_color":"#e50000","button_box_shadow_box_shadow_type":"yes","button_box_shadow_box_shadow":{"horizontal":2,"vertical":2,"blur":20,"spread":5,"color":"rgba(0,0,0,0.14)"},"icon_indent":{"unit":"px","size":14},"button_text_color":"#ffffff","border_width":{"unit":"px","top":"5","right":"5","bottom":"5","left":"5","isLinked":true},"border_radius":{"unit":"px","top":"10","right":"10","bottom":"10","left":"10","isLinked":true},"typography_font_family":"Roboto","button_background_hover_color":"#bf0000","align_mobile":"justify","typography_font_size_mobile":{"unit":"px","size":14},"typography_line_height_mobile":{"unit":"em","size":1},"_margin_mobile":{"unit":"px","top":"0","right":"15","bottom":"0","left":"15","isLinked":false},"_padding_mobile":{"unit":"em","top":"","right":"","bottom":"","left":"","isLinked":false},"typography_font_size_tablet":{"unit":"px","size":15}},"elements":[],"widgetType":"button"}],"isInner":true}],"isInner":true}],"isInner":false}],"isInner":false},{"id":"27721fd","elType":"section","settings":{"gap":"no","custom_height":{"unit":"px","size":1000},"content_position":"middle","padding":{"unit":"px","top":"0","right":"0","bottom":"0","left":"0","isLinked":false},"padding_tablet":{"unit":"px","top":"0","right":"25","bottom":"0","left":"25","isLinked":false},"padding_mobile":{"unit":"px","top":"25","right":"20","bottom":"25","left":"20","isLinked":false},"margin":{"unit":"px","top":"50","right":0,"bottom":"50","left":0,"isLinked":true},"layout":"full_width","margin_tablet":{"unit":"px","top":"25","right":0,"bottom":"25","left":0,"isLinked":true}},"elements":[{"id":"ac5c69b","elType":"column","settings":{"_column_size":100,"padding":{"unit":"px","top":"0","right":"0","bottom":"0","left":"0","isLinked":false}},"elements":[{"id":"be4bb88","elType":"widget","settings":{"title":"Amazing Features","align":"center","title_color":"#000000","typography_typography":"custom","typography_font_size":{"unit":"px","size":45},"typography_font_weight":"300","typography_line_height":{"unit":"em","size":1.2},"typography_font_size_mobile":{"unit":"px","size":35},"header_size":"h4","typography_font_family":"Roboto"},"elements":[],"widgetType":"heading"},{"id":"553ee87","elType":"widget","settings":{"editor":"<p>I am text block. Click edit button to change this text. Lorem ipsum dolor sit amet, consectetur adipiscing elit. Ut elit tellus, luctus nec ullamcorper mattis, pulvinar dapibus leo.<\/p>","align":"center","text_color":"#bfbfbf","typography_typography":"custom","typography_font_size":{"unit":"px","size":16},"typography_font_weight":"300","typography_line_height":{"unit":"em","size":2},"_padding":{"unit":"%","top":"0","right":"15","bottom":"0","left":"15","isLinked":false},"_padding_tablet":{"unit":"px","top":"0","right":"25","bottom":"0","left":"25","isLinked":false},"_padding_mobile":{"unit":"px","top":"0","right":"0","bottom":"0","left":"0","isLinked":true}},"elements":[],"widgetType":"text-editor"},{"id":"7279c43","elType":"section","settings":{"gap":"no","content_position":"middle","structure":"30","padding":{"unit":"px","top":"15","right":"15","bottom":"15","left":"15","isLinked":true},"padding_tablet":{"unit":"px","top":"15","right":"0","bottom":"0","left":"0","isLinked":false},"padding_mobile":{"unit":"px","top":"15","right":"0","bottom":"0","left":"0","isLinked":false},"layout":"full_width"},"elements":[{"id":"097b9af","elType":"column","settings":{"_column_size":33,"_inline_size":null,"padding":{"unit":"px","top":"25","right":"25","bottom":"25","left":"25","isLinked":true},"padding_tablet":{"unit":"px","top":"20","right":"20","bottom":"20","left":"20","isLinked":true},"padding_mobile":{"unit":"px","top":"0","right":"0","bottom":"0","left":"0","isLinked":true}},"elements":[{"id":"f1b011b","elType":"widget","settings":{"title":"Feature #1","header_size":"h3","align":"center","title_color":"#000000","typography_typography":"custom","typography_font_size":{"unit":"px","size":18},"typography_font_weight":"600","typography_text_transform":"uppercase"},"elements":[],"widgetType":"heading"},{"id":"03a2b04","elType":"widget","settings":{"editor":"<p>I am text block. Click edit button to change this text. Lorem ipsum dolor sit amet<\/p>","align":"center","text_color":"#bfbfbf","typography_typography":"custom","typography_font_size":{"unit":"px","size":16},"typography_font_weight":"300","typography_line_height":{"unit":"em","size":2}},"elements":[],"widgetType":"text-editor"}],"isInner":true},{"id":"358603b","elType":"column","settings":{"_column_size":33,"_inline_size":null,"padding":{"unit":"px","top":"25","right":"25","bottom":"25","left":"25","isLinked":true},"padding_tablet":{"unit":"px","top":"20","right":"20","bottom":"20","left":"20","isLinked":true},"padding_mobile":{"unit":"px","top":"15","right":"0","bottom":"0","left":"0","isLinked":false}},"elements":[{"id":"70343a7","elType":"widget","settings":{"title":"FEATURE #2","header_size":"h3","align":"center","title_color":"#000000","typography_typography":"custom","typography_font_size":{"unit":"px","size":18},"typography_font_weight":"600","typography_text_transform":"uppercase"},"elements":[],"widgetType":"heading"},{"id":"66e2cd5","elType":"widget","settings":{"editor":"<p>I am text block. Click edit button to change this text. Lorem ipsum dolor sit amet<\/p>","align":"center","text_color":"#bfbfbf","typography_typography":"custom","typography_font_size":{"unit":"px","size":16},"typography_font_weight":"300","typography_line_height":{"unit":"em","size":2}},"elements":[],"widgetType":"text-editor"}],"isInner":true},{"id":"812a450","elType":"column","settings":{"_column_size":33,"_inline_size":null,"padding":{"unit":"px","top":"25","right":"25","bottom":"25","left":"25","isLinked":true},"padding_tablet":{"unit":"px","top":"20","right":"20","bottom":"20","left":"20","isLinked":true},"padding_mobile":{"unit":"px","top":"15","right":"0","bottom":"0","left":"0","isLinked":false}},"elements":[{"id":"25341bd","elType":"widget","settings":{"title":"Feature #3","header_size":"h3","align":"center","title_color":"#000000","typography_typography":"custom","typography_font_size":{"unit":"px","size":18},"typography_font_weight":"600","typography_text_transform":"uppercase"},"elements":[],"widgetType":"heading"},{"id":"61d3f38","elType":"widget","settings":{"editor":"<p>I am text block. Click edit button to change this text. Lorem ipsum dolor sit amet<\/p>","align":"center","text_color":"#bfbfbf","typography_typography":"custom","typography_font_size":{"unit":"px","size":16},"typography_font_weight":"300","typography_line_height":{"unit":"em","size":2}},"elements":[],"widgetType":"text-editor"}],"isInner":true}],"isInner":true}],"isInner":false}],"isInner":false},{"id":"504e12a0","elType":"section","settings":{"gap":"no","custom_height":{"unit":"px","size":900},"content_position":"middle","padding":{"unit":"px","top":"0","right":"0","bottom":"50","left":"0","isLinked":false},"padding_tablet":{"unit":"px","top":"50","right":"25","bottom":"50","left":"25","isLinked":false},"padding_mobile":{"unit":"px","top":"25","right":"20","bottom":"25","left":"20","isLinked":false}},"elements":[{"id":"138fd63d","elType":"column","settings":{"_column_size":100},"elements":[{"id":"0ed8535","elType":"widget","settings":{"starting_number":1,"ending_number":1000,"suffix":"+","title":"Happy and satisfied customers","number_color":"rgba(122,122,122,0.62)","typography_number_typography":"custom","typography_number_font_family":"Roboto","typography_number_font_size":{"unit":"em","size":""},"typography_number_font_weight":"300","typography_title_typography":"custom","typography_title_font_family":"Roboto","typography_title_font_size":{"unit":"px","size":53},"typography_title_font_weight":"300","typography_title_text_transform":"uppercase","typography_title_line_height":{"unit":"px","size":""},"typography_title_letter_spacing":{"unit":"px","size":1.7},"typography_number_font_size_tablet":{"unit":"px","size":55},"typography_number_font_size_mobile":{"unit":"px","size":40},"typography_title_font_size_tablet":{"unit":"px","size":35},"typography_title_font_size_mobile":{"unit":"px","size":25}},"elements":[],"widgetType":"counter"},{"id":"e1f71fb","elType":"section","settings":{"gap":"no","structure":"20","padding":{"unit":"px","top":"35","right":"0","bottom":"0","left":"0","isLinked":false},"padding_mobile":{"unit":"px","top":"15","right":"0","bottom":"0","left":"0","isLinked":false}},"elements":[{"id":"30718433","elType":"column","settings":{"_column_size":50,"_inline_size":null,"padding":{"unit":"%","top":"0","right":"15","bottom":"0","left":"0","isLinked":false},"padding_mobile":{"unit":"px","top":"0","right":"0","bottom":"0","left":"0","isLinked":true}},"elements":[{"id":"1e23ac66","elType":"widget","settings":{"icon":"fa fa-quote-left","align":"left","primary_color":"#bfbfbf","size":{"unit":"px","size":38},"hover_animation":"grow"},"elements":[],"widgetType":"icon"},{"id":"3b9333a","elType":"widget","settings":{"editor":"<p>[mwb_upsell_star_review]<\/p>"},"elements":[],"widgetType":"text-editor"},{"id":"714006ab","elType":"widget","settings":{"testimonial_content":"Click edit button to change this text. Lorem ipsum dolor sit amet, consectetur adipiscing elit. Ut elit tellus, luctus nec ullamcorper mattis, pulvinar dapibus leo.","testimonial_image":{"url":"","id":""},"testimonial_name":"Amanda Lee","testimonial_job":"Ceo & Founder Crix","testimonial_alignment":"left","content_content_color":"#000000","content_typography_typography":"custom","content_typography_font_size":{"unit":"px","size":16},"content_typography_font_weight":"300","content_typography_line_height":{"unit":"em","size":2},"name_text_color":"#000000","name_typography_typography":"custom","name_typography_font_size":{"unit":"px","size":20},"name_typography_font_weight":"600","job_text_color":"#7a7a7a","job_typography_typography":"custom","job_typography_font_size":{"unit":"px","size":15},"job_typography_font_weight":"300","job_typography_text_transform":"uppercase","job_typography_line_height":{"unit":"em","size":1.6},"job_typography_letter_spacing":{"unit":"px","size":3},"content_typography_font_size_mobile":{"unit":"px","size":15},"name_typography_font_size_mobile":{"unit":"px","size":18},"job_typography_font_size_mobile":{"unit":"px","size":13}},"elements":[],"widgetType":"testimonial"}],"isInner":true},{"id":"7bed3017","elType":"column","settings":{"_column_size":50,"_inline_size":null,"padding":{"unit":"%","top":"0","right":"15","bottom":"0","left":"0","isLinked":false},"padding_mobile":{"unit":"px","top":"50","right":"0","bottom":"0","left":"0","isLinked":false}},"elements":[{"id":"6d3e9c84","elType":"widget","settings":{"icon":"fa fa-quote-left","align":"left","primary_color":"#bfbfbf","size":{"unit":"px","size":38},"hover_animation":"grow"},"elements":[],"widgetType":"icon"},{"id":"c76b5d2","elType":"widget","settings":{"editor":"<p>[mwb_upsell_star_review stars=4]<\/p>"},"elements":[],"widgetType":"text-editor"},{"id":"411b1cd3","elType":"widget","settings":{"testimonial_content":"Click edit button to change this text. Lorem ipsum dolor sit amet, consectetur adipiscing elit. Ut elit tellus, luctus nec ullamcorper mattis, pulvinar dapibus leo.","testimonial_image":{"url":"","id":""},"testimonial_name":"Adam Cheise","testimonial_job":"Head Of Sales , Intel","testimonial_alignment":"left","content_content_color":"#000000","content_typography_typography":"custom","content_typography_font_size":{"unit":"px","size":16},"content_typography_font_weight":"300","content_typography_line_height":{"unit":"em","size":2},"name_text_color":"#000000","name_typography_typography":"custom","name_typography_font_size":{"unit":"px","size":20},"name_typography_font_weight":"600","job_text_color":"#7a7a7a","job_typography_typography":"custom","job_typography_font_size":{"unit":"px","size":15},"job_typography_font_weight":"300","job_typography_text_transform":"uppercase","job_typography_line_height":{"unit":"em","size":1.6},"job_typography_letter_spacing":{"unit":"px","size":3},"content_typography_font_size_mobile":{"unit":"px","size":15},"name_typography_font_size_mobile":{"unit":"px","size":18},"job_typography_font_size_mobile":{"unit":"px","size":13}},"elements":[],"widgetType":"testimonial"}],"isInner":true}],"isInner":true}],"isInner":false}],"isInner":false},{"id":"cacd0ab","elType":"section","settings":{"layout":"full_width","background_background":"gradient","background_color":"#2980b9","background_color_b":"#6dd5fa","background_gradient_angle":{"unit":"deg","size":150},"shape_divider_top":"mountains","shape_divider_bottom":"mountains","margin":{"unit":"px","top":"25","right":0,"bottom":"25","left":0,"isLinked":true},"padding":{"unit":"px","top":"150","right":"0","bottom":"150","left":"0","isLinked":false},"padding_tablet":{"unit":"px","top":"50","right":"0","bottom":"50","left":"0","isLinked":false},"padding_mobile":{"unit":"px","top":"20","right":"0","bottom":"20","left":"0","isLinked":false}},"elements":[{"id":"4e59834","elType":"column","settings":{"_column_size":100},"elements":[{"id":"5d97910","elType":"widget","settings":{"weight":{"unit":"px","size":2},"color":"#ffffff","width":{"unit":"%","size":25},"align":"center","gap":{"unit":"px","size":25},"width_mobile":{"unit":"%","size":20},"gap_mobile":{"unit":"px","size":6},"_margin_mobile":{"unit":"%","top":"3","right":"0","bottom":"0","left":"0","isLinked":false},"_padding_mobile":{"unit":"px","top":"0","right":"0","bottom":"0","left":"0","isLinked":false}},"elements":[],"widgetType":"divider"},{"id":"32fe0a5","elType":"widget","settings":{"title":"You'll never find this offer elsewhere on this site","align":"center","typography_typography":"custom","typography_font_family":"Roboto","typography_font_size":{"unit":"px","size":35},"typography_font_weight":"300","typography_text_transform":"uppercase","title_color":"#ffffff","typography_line_height":{"unit":"em","size":1.5},"typography_letter_spacing":{"unit":"px","size":0},"text_shadow_text_shadow":{"horizontal":0,"vertical":0,"blur":15,"color":"rgba(0,0,0,0.3)"},"typography_font_size_mobile":{"unit":"px","size":18},"align_tablet":"center","typography_font_size_tablet":{"unit":"px","size":25}},"elements":[],"widgetType":"heading"},{"id":"1b0743c","elType":"widget","settings":{"editor":"This offer is only available for now. Lock in your discount and add this to your order for [mwb_upsell_price]","text_color":"#ffffff","typography_typography":"custom","typography_font_size":{"unit":"px","size":25},"typography_font_weight":"300","typography_font_family":"Roboto","align_mobile":"center","typography_font_size_mobile":{"unit":"px","size":14},"_padding":{"unit":"px","top":"0","right":"0","bottom":"0","left":"0","isLinked":false},"_padding_mobile":{"unit":"px","top":"0","right":"0","bottom":"10","left":"0","isLinked":false},"align":"center","typography_letter_spacing":{"unit":"px","size":0},"typography_font_size_tablet":{"unit":"px","size":20},"_margin":{"unit":"px","top":"0","right":"0","bottom":"0","left":"0","isLinked":false}},"elements":[],"widgetType":"text-editor"},{"id":"1a9cf80","elType":"widget","settings":{"weight":{"unit":"px","size":2},"color":"#ffffff","width":{"unit":"%","size":8},"align":"center","gap":{"unit":"px","size":25},"width_mobile":{"unit":"%","size":10},"gap_mobile":{"unit":"px","size":6}},"elements":[],"widgetType":"divider"}],"isInner":false}],"isInner":false},{"id":"8fca4a9","elType":"section","settings":{"content_width":{"unit":"px","size":500},"gap":"extended","margin":{"unit":"px","top":"0","right":0,"bottom":"12","left":0,"isLinked":false}},"elements":[{"id":"f575d34","elType":"column","settings":{"_column_size":100,"_inline_size":null,"padding":{"unit":"px","top":"10","right":"0","bottom":"10","left":"0","isLinked":false}},"elements":[{"id":"fd5996e","elType":"widget","settings":{"editor":"<p>[mwb_upsell_variations]<\/p>","text_color":"#7a7a7a","typography_typography":"custom","typography_font_size":{"unit":"px","size":15},"typography_font_family":"Roboto","typography_font_weight":"400","typography_line_height":{"unit":"px","size":""}},"elements":[],"widgetType":"text-editor"}],"isInner":true}],"isInner":true},{"id":"4ecf207","elType":"section","settings":{"content_width":{"unit":"px","size":540},"structure":"70","shape_divider_top":"mountains","hide_mobile":"hidden-phone"},"elements":[{"id":"f15ad1a","elType":"column","settings":{"_column_size":14,"_inline_size":null},"elements":[{"id":"317c1f1","elType":"widget","settings":{"icon":"fa fa-cc-amex","primary_color":"rgba(122,122,122,0.52)"},"elements":[],"widgetType":"icon"}],"isInner":false},{"id":"f7cb474","elType":"column","settings":{"_column_size":14,"_inline_size":null},"elements":[{"id":"3185e4a","elType":"widget","settings":{"icon":"fa fa-cc-discover","primary_color":"rgba(122,122,122,0.52)"},"elements":[],"widgetType":"icon"}],"isInner":false},{"id":"ad4f289","elType":"column","settings":{"_column_size":14,"_inline_size":null},"elements":[{"id":"c3a90cb","elType":"widget","settings":{"icon":"fa fa-cc-jcb","primary_color":"rgba(122,122,122,0.52)"},"elements":[],"widgetType":"icon"}],"isInner":false},{"id":"7a79760","elType":"column","settings":{"_column_size":14,"_inline_size":null},"elements":[{"id":"4a48903","elType":"widget","settings":{"icon":"fa fa-cc-paypal","primary_color":"rgba(122,122,122,0.52)"},"elements":[],"widgetType":"icon"}],"isInner":false},{"id":"1514b81","elType":"column","settings":{"_column_size":14,"_inline_size":null},"elements":[{"id":"524d4a7","elType":"widget","settings":{"icon":"fa fa-cc-stripe","primary_color":"rgba(122,122,122,0.52)"},"elements":[],"widgetType":"icon"}],"isInner":false},{"id":"52b4e00","elType":"column","settings":{"_column_size":14,"_inline_size":null},"elements":[{"id":"d1fec70","elType":"widget","settings":{"icon":"fa fa-cc-mastercard","primary_color":"rgba(122,122,122,0.52)"},"elements":[],"widgetType":"icon"}],"isInner":false},{"id":"95f717d","elType":"column","settings":{"_column_size":14,"_inline_size":null},"elements":[{"id":"cfc5040","elType":"widget","settings":{"icon":"fa fa-cc-visa","primary_color":"rgba(122,122,122,0.52)"},"elements":[],"widgetType":"icon"}],"isInner":false}],"isInner":false},{"id":"b4599af","elType":"section","settings":[],"elements":[{"id":"cb78b38","elType":"column","settings":{"_column_size":100},"elements":[{"id":"c3dca1d","elType":"widget","settings":{"text":"Add this to my Order","link":{"url":"[mwb_upsell_yes]","is_external":"","nofollow":""},"align":"justify","size":"xl","typography_typography":"custom","typography_text_transform":"capitalize","background_color":"#78c900","button_box_shadow_box_shadow_type":"yes","button_box_shadow_box_shadow":{"horizontal":2,"vertical":2,"blur":20,"spread":5,"color":"rgba(0,0,0,0.14)"},"icon_indent":{"unit":"px","size":14},"button_text_color":"#ffffff","border_width":{"unit":"px","top":"5","right":"5","bottom":"5","left":"5","isLinked":true},"border_radius":{"unit":"px","top":"10","right":"10","bottom":"10","left":"10","isLinked":true},"typography_font_family":"Roboto","button_background_hover_color":"#80d600","typography_line_height_mobile":{"unit":"em","size":1},"align_tablet":"justify","_margin_tablet":{"unit":"%","top":"0","right":"5","bottom":"0","left":"5","isLinked":false},"_margin_mobile":{"unit":"px","top":"0","right":"0","bottom":"0","left":"0","isLinked":false},"_padding_mobile":{"unit":"px","top":"0","right":"0","bottom":"0","left":"0","isLinked":true}},"elements":[],"widgetType":"button"},{"id":"3938bb12","elType":"widget","settings":{"editor":"<p>Trust us, you'll love this product for sure. We'll even ship this in the same package for free.<\/p>","align":"center","text_color":"#bfbfbf","typography_typography":"custom","typography_font_size":{"unit":"px","size":22},"typography_font_weight":"300","typography_line_height":{"unit":"em","size":2},"_padding":{"unit":"%","top":"0","right":"15","bottom":"0","left":"15","isLinked":false},"_padding_tablet":{"unit":"px","top":"0","right":"25","bottom":"0","left":"25","isLinked":false},"_padding_mobile":{"unit":"px","top":"0","right":"0","bottom":"0","left":"0","isLinked":true},"typography_font_family":"Roboto","typography_font_size_tablet":{"unit":"px","size":20},"typography_font_size_mobile":{"unit":"px","size":14}},"elements":[],"widgetType":"text-editor"},{"id":"67f9cec","elType":"widget","settings":{"text":"No thanks, I understand that I'll never get this offer again at this price","link":{"url":"[mwb_upsell_no]","is_external":"","nofollow":""},"align":"center","size":"lg","typography_typography":"custom","background_color":"#e50000","button_box_shadow_box_shadow_type":"yes","button_box_shadow_box_shadow":{"horizontal":2,"vertical":2,"blur":20,"spread":5,"color":"rgba(0,0,0,0.14)"},"icon_indent":{"unit":"px","size":14},"button_text_color":"#ffffff","border_width":{"unit":"px","top":"5","right":"5","bottom":"5","left":"5","isLinked":true},"border_radius":{"unit":"px","top":"10","right":"10","bottom":"10","left":"10","isLinked":true},"typography_font_family":"Roboto","button_background_hover_color":"#bf0000","align_mobile":"justify","typography_font_size_mobile":{"unit":"px","size":14},"typography_line_height_mobile":{"unit":"em","size":1},"typography_font_weight":"400","_margin_tablet":{"unit":"%","top":"","right":"","bottom":"","left":"","isLinked":false},"_margin_mobile":{"unit":"%","top":"","right":"","bottom":"","left":"","isLinked":false},"_padding_mobile":{"unit":"em","top":"0","right":"0","bottom":"0","left":"0","isLinked":false}},"elements":[],"widgetType":"button"}],"isInner":false}],"isInner":false},{"id":"44aa4244","elType":"section","settings":{"gap":"no","custom_height":{"unit":"px","size":1000},"content_position":"middle","padding":{"unit":"px","top":"100","right":"0","bottom":"75","left":"0","isLinked":false},"padding_tablet":{"unit":"px","top":"50","right":"25","bottom":"50","left":"25","isLinked":false},"padding_mobile":{"unit":"px","top":"25","right":"20","bottom":"25","left":"20","isLinked":false},"layout":"full_width"},"elements":[{"id":"1da405c1","elType":"column","settings":{"_column_size":100,"padding":{"unit":"px","top":"0","right":"0","bottom":"0","left":"0","isLinked":false}},"elements":[{"id":"46eef79","elType":"section","settings":{"layout":"full_width","gap":"no","structure":"30","content_width":{"unit":"px","size":567}},"elements":[{"id":"7f66808","elType":"column","settings":{"_column_size":33,"_inline_size":null},"elements":[{"id":"bcf8944","elType":"widget","settings":{"icon":"fa fa-shield","view":"framed","title_text":"100% Secure Payments","description_text":"Click edit button to change this text. Lorem ipsum dolor sit amet, consectetur adipiscing elit. Ut elit tellus, luctus nec ullamcorper mattis, pulvinar dapibus leo.","primary_color":"rgba(122,122,122,0.52)","title_color":"rgba(122,122,122,0.52)","title_typography_typography":"custom","title_typography_font_family":"Roboto","description_color":"rgba(84,89,95,0.62)","icon_size_tablet":{"unit":"px","size":35},"title_typography_font_size_tablet":{"unit":"px","size":22},"description_typography_typography":"custom","description_typography_font_size_tablet":{"unit":"px","size":14},"_margin_mobile":{"unit":"px","top":"5","right":"0","bottom":"5","left":"0","isLinked":false},"title_typography_font_size":{"unit":"px","size":25},"title_typography_font_size_mobile":{"unit":"px","size":20},"description_typography_font_size":{"unit":"px","size":15},"description_typography_font_size_mobile":{"unit":"px","size":13}},"elements":[],"widgetType":"icon-box"}],"isInner":true},{"id":"4387a0b","elType":"column","settings":{"_column_size":33,"_inline_size":null},"elements":[{"id":"7821055","elType":"widget","settings":{"icon":"fa fa-truck","view":"framed","title_text":"Free Shipping","description_text":"Click edit button to change this text. Lorem ipsum dolor sit amet, consectetur adipiscing elit. Ut elit tellus, luctus nec ullamcorper mattis, pulvinar dapibus leo.","primary_color":"rgba(122,122,122,0.52)","title_color":"rgba(122,122,122,0.52)","title_typography_typography":"custom","title_typography_font_family":"Roboto","description_color":"rgba(84,89,95,0.62)","icon_size_tablet":{"unit":"px","size":35},"title_typography_font_size_tablet":{"unit":"px","size":22},"description_typography_typography":"custom","description_typography_font_size_tablet":{"unit":"px","size":14},"_margin_mobile":{"unit":"px","top":"5","right":"0","bottom":"5","left":"0","isLinked":false},"title_typography_font_size":{"unit":"px","size":25},"title_typography_font_size_mobile":{"unit":"px","size":20},"description_typography_font_size":{"unit":"px","size":15},"description_typography_font_size_mobile":{"unit":"px","size":13}},"elements":[],"widgetType":"icon-box"}],"isInner":true},{"id":"039c66e","elType":"column","settings":{"_column_size":33,"_inline_size":null},"elements":[{"id":"3fdbde1","elType":"widget","settings":{"icon":"fa fa-hand-peace-o","view":"framed","title_text":"Money Back Guarantee","description_text":"Click edit button to change this text. Lorem ipsum dolor sit amet, consectetur adipiscing elit. Ut elit tellus, luctus nec ullamcorper mattis, pulvinar dapibus leo.","primary_color":"rgba(122,122,122,0.52)","title_color":"rgba(122,122,122,0.52)","title_typography_typography":"custom","title_typography_font_family":"Roboto","description_color":"rgba(84,89,95,0.62)","icon_size_tablet":{"unit":"px","size":35},"title_typography_font_size_tablet":{"unit":"px","size":22},"description_typography_typography":"custom","description_typography_font_size_tablet":{"unit":"px","size":14},"_margin_mobile":{"unit":"px","top":"5","right":"0","bottom":"5","left":"0","isLinked":false},"title_typography_font_size":{"unit":"px","size":25},"title_typography_font_size_mobile":{"unit":"px","size":20},"description_typography_font_size":{"unit":"px","size":15},"description_typography_font_size_mobile":{"unit":"px","size":13}},"elements":[],"widgetType":"icon-box"}],"isInner":true}],"isInner":true}],"isInner":false}],"isInner":false}]