[{"id":"e6da470","elType":"section","settings":{"layout":"full_width","gap":"no"},"elements":[{"id":"e051d0b","elType":"column","settings":{"_column_size":100},"elements":[{"id":"deb25db","elType":"widget","settings":{"title":"","percent":{"unit":"%","size":90},"inner_text":"Order Almost Complete","bar_color":"#6dd5ed","bar_bg_color":"#ffffff","bar_inline_color":"#ffffff"},"elements":[],"widgetType":"progress"}],"isInner":false}],"isInner":false},{"id":"368f4e6a","elType":"section","settings":{"content_width":{"unit":"px","size":"1000"},"gap":"wide","background_background":"classic","background_color":"#ffffff","margin":{"unit":"px","top":"","right":0,"bottom":"","left":0,"isLinked":true},"padding":{"unit":"px","top":"0","right":"0","bottom":"150","left":"0","isLinked":false},"padding_mobile":{"unit":"px","top":"0","right":"0","bottom":"0","left":"0","isLinked":false}},"elements":[{"id":"9ba1036","elType":"column","settings":{"_column_size":100,"_inline_size":null},"elements":[{"id":"16455c26","elType":"widget","settings":{"title":"Wait! - Don't miss out this Special one time Offer","align":"center","title_color":"rgba(122,122,122,0.6)","typography_typography":"custom","typography_font_size":{"unit":"px","size":43},"typography_font_family":"Roboto Slab","typography_font_weight":"400","typography_text_transform":"capitalize","header_size":"h3","typography_font_size_mobile":{"unit":"px","size":25},"typography_font_size_tablet":{"unit":"px","size":32}},"elements":[],"widgetType":"heading"},{"id":"05c821f","elType":"widget","settings":{"weight":{"unit":"px","size":"3"},"color":"rgba(122,122,122,0.54)","width":{"unit":"%","size":"5"},"align":"center","gap":{"unit":"px","size":24},"width_mobile":{"unit":"%","size":5},"gap_mobile":{"unit":"px","size":7}},"elements":[],"widgetType":"divider"},{"id":"8023e31","elType":"widget","settings":{"editor":"<p>Please watch this short video and know why we really mean it.<\/p>","align":"center","text_color":"rgba(122,122,122,0.72)","typography_typography":"custom","typography_font_size":{"unit":"px","size":17},"typography_font_family":"PT Sans","typography_font_weight":"normal","_padding":{"unit":"%","top":"0","right":"25","bottom":"0","left":"25","isLinked":false},"_padding_mobile":{"unit":"px","top":"0","right":"0","bottom":"0","left":"0","isLinked":false},"typography_font_size_mobile":{"unit":"px","size":15}},"elements":[],"widgetType":"text-editor"}],"isInner":false}],"isInner":false},{"id":"6a5a0b47","elType":"section","settings":{"content_width":{"unit":"px","size":"1000"},"background_background":"gradient","background_gradient_angle":{"unit":"deg","size":200},"background_position":"center center","background_size":"cover","background_overlay_background":"gradient","background_overlay_color":"#2193b0","background_overlay_gradient_angle":{"unit":"deg","size":130},"background_overlay_opacity":{"unit":"px","size":0.9},"shape_divider_top":"curve","shape_divider_top_width":{"unit":"%","size":"200"},"shape_divider_top_negative":"yes","margin":{"unit":"px","top":"","right":0,"bottom":"","left":0,"isLinked":true},"padding":{"unit":"px","top":"0","right":"0","bottom":"150","left":"0","isLinked":false},"shape_divider_top_height":{"unit":"px","size":"470"},"padding_tablet":{"unit":"px","top":"30","right":"30","bottom":"80","left":"30","isLinked":false},"padding_mobile":{"unit":"px","top":"25","right":"25","bottom":"30","left":"25","isLinked":false},"shape_divider_top_height_mobile":{"unit":"px","size":0},"background_color":"#ffffff","background_color_b":"#ffffff","background_overlay_color_b":"#6dd5ed","shape_divider_bottom":"clouds"},"elements":[{"id":"56c45805","elType":"column","settings":{"_column_size":100,"_inline_size":null},"elements":[{"id":"42963d86","elType":"widget","settings":{"link":"https:\/\/www.youtube.com\/watch?v=xaZdt2isEKM","vimeo_link":"https:\/\/vimeo.com\/170933924","image_overlay":{"url":"","id":""},"_border_border":"solid","_border_width":{"unit":"px","top":"10","right":"10","bottom":"10","left":"10","isLinked":true},"_border_color":"#ffffff","yt_showinfo":"","_margin":{"unit":"px","top":"-150","right":"0","bottom":"0","left":"0","isLinked":false},"_margin_mobile":{"unit":"px","top":"0","right":"0","bottom":"0","left":"0","isLinked":false},"_box_shadow_box_shadow_type":"yes","_box_shadow_box_shadow":{"horizontal":0,"vertical":0,"blur":30,"spread":0,"inset":"","color":"rgba(0,0,0,0.2)"},"_box_shadow_hover_box_shadow_type":"yes","_box_shadow_hover_box_shadow":{"horizontal":0,"vertical":0,"blur":35,"spread":0,"color":"rgba(0,0,0,0.34)"},"youtube_url":"https:\/\/www.youtube.com\/watch?v=9uOETcuFjbE","vimeo_url":"https:\/\/vimeo.com\/235215203","dailymotion_url":"https:\/\/www.dailymotion.com\/video\/x6tqhqb"},"elements":[],"widgetType":"video"},{"id":"6d78738","elType":"widget","settings":{"weight":{"unit":"px","size":3},"color":"#ffffff","width":{"unit":"%","size":30},"align":"center","gap":{"unit":"px","size":38},"width_mobile":{"unit":"%","size":20},"gap_mobile":{"unit":"px","size":6}},"elements":[],"widgetType":"divider"},{"id":"0199fb0","elType":"widget","settings":{"editor":"<p>[mwb_upsell_title]<\/p>","text_color":"#ffffff","typography_typography":"custom","typography_font_family":"Roboto Slab","typography_font_size":{"unit":"px","size":80},"typography_font_weight":"300","align":"center","typography_font_size_mobile":{"unit":"px","size":38},"typography_font_size_tablet":{"unit":"px","size":42}},"elements":[],"widgetType":"text-editor"},{"id":"f58707b","elType":"widget","settings":{"editor":"Special Offer Price<br>[mwb_upsell_price]","text_color":"rgba(255,255,255,0.66)","typography_typography":"custom","typography_font_size":{"unit":"px","size":38},"typography_font_weight":"400","typography_line_height":{"unit":"px","size":""},"typography_font_family":"Roboto Slab","align_mobile":"center","typography_font_size_mobile":{"unit":"px","size":21},"_padding":{"unit":"px","top":"0","right":"0","bottom":"0","left":"0","isLinked":false},"_padding_mobile":{"unit":"px","top":"0","right":"0","bottom":"0","left":"0","isLinked":false},"align":"center","typography_letter_spacing":{"unit":"px","size":0},"typography_font_size_tablet":{"unit":"px","size":26},"_margin":{"unit":"px","top":"0","right":"0","bottom":"25","left":"0","isLinked":false}},"elements":[],"widgetType":"text-editor"},{"id":"a99c969","elType":"section","settings":{"content_width":{"unit":"px","size":500}},"elements":[{"id":"14f40f8","elType":"column","settings":{"_column_size":100,"_inline_size":null},"elements":[{"id":"9a2f1aa","elType":"widget","settings":{"editor":"[mwb_upsell_variations]","text_color":"#ffffff","typography_typography":"custom","typography_font_family":"Roboto","typography_font_size":{"unit":"px","size":15}},"elements":[],"widgetType":"text-editor"}],"isInner":true}],"isInner":true},{"id":"5449faf","elType":"widget","settings":{"text":"Add this to my Order","link":{"url":"[mwb_upsell_yes]","is_external":"","nofollow":""},"align":"justify","size":"lg","typography_typography":"custom","typography_text_transform":"capitalize","background_color":"#78c900","button_box_shadow_box_shadow_type":"yes","button_box_shadow_box_shadow":{"horizontal":2,"vertical":2,"blur":20,"spread":5,"color":"rgba(0,0,0,0.14)"},"icon_indent":{"unit":"px","size":14},"button_text_color":"#ffffff","border_width":{"unit":"px","top":"5","right":"5","bottom":"5","left":"5","isLinked":true},"border_radius":{"unit":"px","top":"9","right":"9","bottom":"9","left":"9","isLinked":true},"typography_font_family":"Roboto","button_background_hover_color":"#80d600","typography_line_height_mobile":{"unit":"em","size":1},"align_mobile":"justify","text_padding_mobile":{"unit":"px","top":"23","right":"0","bottom":"23","left":"0","isLinked":false},"typography_font_size_mobile":{"unit":"px","size":15},"_margin":{"unit":"px","top":"10","right":"0","bottom":"0","left":"0","isLinked":false},"_padding":{"unit":"px","top":"0","right":"0","bottom":"0","left":"0","isLinked":false}},"elements":[],"widgetType":"button"},{"id":"6ad06d9","elType":"widget","settings":{"text":"No thanks, I would like to skip this one time offer","link":{"url":"[mwb_upsell_no]","is_external":"","nofollow":""},"align":"justify","size":"lg","typography_typography":"custom","background_color":"#e50000","button_box_shadow_box_shadow_type":"yes","button_box_shadow_box_shadow":{"horizontal":2,"vertical":2,"blur":20,"spread":5,"color":"rgba(0,0,0,0.14)"},"icon_indent":{"unit":"px","size":14},"button_text_color":"#ffffff","border_width":{"unit":"px","top":"5","right":"5","bottom":"5","left":"5","isLinked":true},"border_radius":{"unit":"px","top":"9","right":"9","bottom":"9","left":"9","isLinked":true},"typography_font_family":"Roboto","button_background_hover_color":"#bf0000","align_mobile":"justify","typography_font_size_mobile":{"unit":"px","size":14},"typography_line_height_mobile":{"unit":"em","size":1}},"elements":[],"widgetType":"button"}],"isInner":false}],"isInner":false},{"id":"5fa03990","elType":"section","settings":{"gap":"no","custom_height":{"unit":"px","size":900},"content_position":"middle","padding":{"unit":"px","top":"100","right":"0","bottom":"100","left":"0","isLinked":false},"padding_tablet":{"unit":"px","top":"100","right":"25","bottom":"100","left":"25","isLinked":false},"padding_mobile":{"unit":"px","top":"50","right":"20","bottom":"50","left":"20","isLinked":false}},"elements":[{"id":"46a56582","elType":"column","settings":{"_column_size":100},"elements":[{"id":"2801f35d","elType":"widget","settings":{"editor":"<p>Customers reviews<\/p>","align":"center","text_color":"#bfbfbf","typography_typography":"custom","typography_font_size":{"unit":"px","size":16},"typography_font_weight":"300","_margin":{"unit":"px","top":"0","right":"0","bottom":"0","left":"0","isLinked":false},"align_mobile":"left"},"elements":[],"widgetType":"text-editor"},{"id":"56b864d8","elType":"widget","settings":{"title":"What people say?","align":"center","title_color":"#7a7a7a","typography_typography":"custom","typography_font_size":{"unit":"px","size":65},"typography_font_weight":"300","_margin":{"unit":"px","top":"-12","right":"0","bottom":"0","left":"0","isLinked":false},"align_mobile":"center","typography_font_size_mobile":{"unit":"px","size":37},"header_size":"h4","typography_font_size_tablet":{"unit":"px","size":45},"typography_font_family":"Roboto"},"elements":[],"widgetType":"heading"},{"id":"77b9403b","elType":"section","settings":{"gap":"no","structure":"20","padding":{"unit":"px","top":"35","right":"0","bottom":"0","left":"0","isLinked":false},"padding_mobile":{"unit":"px","top":"15","right":"0","bottom":"0","left":"0","isLinked":false}},"elements":[{"id":"69acea89","elType":"column","settings":{"_column_size":50,"_inline_size":null,"padding":{"unit":"%","top":"0","right":"15","bottom":"0","left":"0","isLinked":false},"padding_mobile":{"unit":"px","top":"0","right":"0","bottom":"0","left":"0","isLinked":true}},"elements":[{"id":"dc3a39a","elType":"widget","settings":{"icon":"fa fa-quote-left","align":"left","primary_color":"#bfbfbf","size":{"unit":"px","size":38},"hover_animation":"grow"},"elements":[],"widgetType":"icon"},{"id":"3bd55e0","elType":"widget","settings":{"editor":"<p>[mwb_upsell_star_review]<\/p>"},"elements":[],"widgetType":"text-editor"},{"id":"35075972","elType":"widget","settings":{"testimonial_content":"Click edit button to change this text. Lorem ipsum dolor sit amet, consectetur adipiscing elit. Ut elit tellus, luctus nec ullamcorper mattis, pulvinar dapibus leo.","testimonial_image":{"url":"","id":""},"testimonial_name":"Amanda Lee","testimonial_job":"Ceo & Founder Crix","testimonial_alignment":"left","content_content_color":"#7a7a7a","content_typography_typography":"custom","content_typography_font_size":{"unit":"px","size":16},"content_typography_font_weight":"300","content_typography_line_height":{"unit":"em","size":2},"name_text_color":"#54595f","name_typography_typography":"custom","name_typography_font_size":{"unit":"px","size":20},"name_typography_font_weight":"600","job_text_color":"#bfbfbf","job_typography_typography":"custom","job_typography_font_size":{"unit":"px","size":15},"job_typography_font_weight":"300","job_typography_text_transform":"uppercase","job_typography_line_height":{"unit":"em","size":1.6},"job_typography_letter_spacing":{"unit":"px","size":3},"content_typography_font_size_mobile":{"unit":"px","size":15},"name_typography_font_size_mobile":{"unit":"px","size":15}},"elements":[],"widgetType":"testimonial"}],"isInner":true},{"id":"31be0a1c","elType":"column","settings":{"_column_size":50,"_inline_size":null,"padding":{"unit":"%","top":"0","right":"15","bottom":"0","left":"0","isLinked":false},"padding_mobile":{"unit":"px","top":"50","right":"0","bottom":"0","left":"0","isLinked":false}},"elements":[{"id":"2af1416a","elType":"widget","settings":{"icon":"fa fa-quote-left","align":"left","primary_color":"#bfbfbf","size":{"unit":"px","size":38},"hover_animation":"grow"},"elements":[],"widgetType":"icon"},{"id":"5de4b47","elType":"widget","settings":{"editor":"<p>[mwb_upsell_star_review stars=4.5]<\/p>"},"elements":[],"widgetType":"text-editor"},{"id":"66203c7","elType":"widget","settings":{"testimonial_content":"Click edit button to change this text. Lorem ipsum dolor sit amet, consectetur adipiscing elit. Ut elit tellus, luctus nec ullamcorper mattis, pulvinar dapibus leo.","testimonial_image":{"url":"","id":""},"testimonial_name":"Adam Cheise","testimonial_job":"Head Of Sales , Intel","testimonial_alignment":"left","content_content_color":"#7a7a7a","content_typography_typography":"custom","content_typography_font_size":{"unit":"px","size":16},"content_typography_font_weight":"300","content_typography_line_height":{"unit":"em","size":2},"name_text_color":"#54595f","name_typography_typography":"custom","name_typography_font_size":{"unit":"px","size":20},"name_typography_font_weight":"600","job_text_color":"#bfbfbf","job_typography_typography":"custom","job_typography_font_size":{"unit":"px","size":15},"job_typography_font_weight":"300","job_typography_text_transform":"uppercase","job_typography_line_height":{"unit":"em","size":1.6},"job_typography_letter_spacing":{"unit":"px","size":3},"content_typography_font_size_mobile":{"unit":"px","size":15},"name_typography_font_size_mobile":{"unit":"px","size":18},"job_typography_font_size_mobile":{"unit":"px","size":15}},"elements":[],"widgetType":"testimonial"}],"isInner":true}],"isInner":true}],"isInner":false}],"isInner":false},{"id":"77b479d0","elType":"section","settings":{"gap":"no","custom_height":{"unit":"px","size":""},"content_position":"middle","padding":{"unit":"px","top":"100","right":"0","bottom":"100","left":"0","isLinked":false},"background_background":"gradient","background_color":"#2193b0","padding_tablet":{"unit":"px","top":"100","right":"25","bottom":"100","left":"25","isLinked":false},"padding_mobile":{"unit":"px","top":"50","right":"20","bottom":"50","left":"20","isLinked":false},"background_color_b":"#6dd5ed","margin":{"unit":"px","top":"0","right":0,"bottom":"20","left":0,"isLinked":false}},"elements":[{"id":"a8ee1ea","elType":"column","settings":{"_column_size":100,"padding":{"unit":"%","top":"0","right":"20","bottom":"0","left":"20","isLinked":false},"_inline_size":null,"padding_tablet":{"unit":"px","top":"0","right":"0","bottom":"0","left":"0","isLinked":true}},"elements":[{"id":"64de6cec","elType":"widget","settings":{"title":"FAQs","align":"center","title_color":"#ffffff","typography_typography":"custom","typography_font_size":{"unit":"px","size":45},"typography_font_weight":"600","typography_line_height":{"unit":"em","size":1.2}},"elements":[],"widgetType":"heading"},{"id":"5ecb3c3a","elType":"widget","settings":{"title":"Most frequent questions and answers about the product","header_size":"h5","align":"center","title_color":"#ffffff","typography_typography":"custom","typography_font_size":{"unit":"px","size":15},"typography_font_weight":"300","_margin":{"unit":"px","top":"-10","right":"0","bottom":"30","left":"0","isLinked":false}},"elements":[],"widgetType":"heading"},{"id":"4b43e326","elType":"widget","settings":{"tabs":[{"tab_title":"Can i edit the files ?","tab_content":"<p>I am item content. Click edit button to change this text. Lorem ipsum dolor sit amet, consectetur adipiscing elit. Ut elit tellus, luctus nec ullamcorper mattis, pulvinar dapibus leo.<\/p>","_id":"9ee9b18"},{"tab_title":"Is it Layered ?","tab_content":"<p>I am item content. Click edit button to change this text. Lorem ipsum dolor sit amet, consectetur adipiscing elit. Ut elit tellus, luctus nec ullamcorper mattis, pulvinar dapibus leo.<\/p>","_id":"b0a507e"},{"tab_title":"How can i edit the masks ?","tab_content":"<p>I am item content. Click edit button to change this text. Lorem ipsum dolor sit amet, consectetur adipiscing elit. Ut elit tellus, luctus nec ullamcorper mattis, pulvinar dapibus leo.<\/p>","_id":"a71416c"},{"tab_title":"What do i need to open the files ?","tab_content":"<p>I am item content. Click edit button to change this text. Lorem ipsum dolor sit amet, consectetur adipiscing elit. Ut elit tellus, luctus nec ullamcorper mattis, pulvinar dapibus leo.<\/p>","_id":"0396879"},{"tab_title":"Is the font free ?","tab_content":"<p>I am item content. Click edit button to change this text. Lorem ipsum dolor sit amet, consectetur adipiscing elit. Ut elit tellus, luctus nec ullamcorper mattis, pulvinar dapibus leo.<\/p>","_id":"18bfc4a"}],"border_width":{"unit":"px","size":0},"space_between":{"unit":"px","size":32},"box_shadow_box_shadow_type":"yes","box_shadow_box_shadow":{"horizontal":0,"vertical":0,"blur":30,"spread":0,"color":"rgba(0,0,0,0.12)"},"title_color":"#ffffff","title_padding":{"unit":"px","top":"30","right":"30","bottom":"30","left":"30","isLinked":true},"icon_align":"right","content_padding":{"unit":"px","top":"15","right":"35","bottom":"15","left":"35","isLinked":false},"title_background":"rgba(35,35,35,0)","title_typography_typography":"custom","title_typography_font_size":{"unit":"px","size":16},"title_typography_font_weight":"900","title_typography_text_transform":"uppercase","icon_color":"#ffffff","icon_active_color":"#ffffff","content_color":"#ffffff","content_typography_typography":"custom","content_typography_font_size":{"unit":"px","size":16},"content_typography_font_weight":"300","content_typography_line_height":{"unit":"em","size":1.8},"_background_color":"#ffffff","_border_width":{"unit":"px","top":"1","right":"1","bottom":"1","left":"1","isLinked":true},"tab_active_color":"#ffffff","content_background_color":"rgba(25,25,25,0)","_padding_mobile":{"unit":"px","top":"15","right":"0","bottom":"0","left":"0","isLinked":false}},"elements":[],"widgetType":"toggle"}],"isInner":false}],"isInner":false},{"id":"edf1992","elType":"section","settings":[],"elements":[{"id":"0ffba8f","elType":"column","settings":{"_column_size":100},"elements":[{"id":"0e292c6","elType":"widget","settings":{"editor":"This offer is only available for now. Lock in your discount and add this to your order for [mwb_upsell_price]","text_color":"#7a7a7a","typography_typography":"custom","typography_font_size":{"unit":"px","size":25},"typography_font_weight":"300","typography_font_family":"Roboto","align_mobile":"center","typography_font_size_mobile":{"unit":"px","size":17},"_padding":{"unit":"px","top":"0","right":"0","bottom":"0","left":"0","isLinked":false},"_padding_mobile":{"unit":"px","top":"0","right":"0","bottom":"10","left":"0","isLinked":false},"align":"center","typography_letter_spacing":{"unit":"px","size":0},"typography_font_size_tablet":{"unit":"px","size":20},"_margin":{"unit":"px","top":"0","right":"0","bottom":"0","left":"0","isLinked":false}},"elements":[],"widgetType":"text-editor"}],"isInner":false}],"isInner":false},{"id":"e533bce","elType":"section","settings":{"content_width":{"unit":"px","size":500}},"elements":[{"id":"cf04866","elType":"column","settings":{"_column_size":100,"_inline_size":null},"elements":[{"id":"89d6174","elType":"widget","settings":{"editor":"[mwb_upsell_variations]","text_color":"#7a7a7a","typography_typography":"custom","typography_font_family":"Roboto","typography_font_size":{"unit":"px","size":15}},"elements":[],"widgetType":"text-editor"}],"isInner":true}],"isInner":true},{"id":"8fce808","elType":"section","settings":{"content_width":{"unit":"px","size":540},"structure":"70","shape_divider_top":"mountains","margin":{"unit":"%","top":"","right":0,"bottom":"","left":0,"isLinked":false},"hide_mobile":"hidden-phone"},"elements":[{"id":"281c1e6","elType":"column","settings":{"_column_size":14,"_inline_size":null},"elements":[{"id":"612c4f5","elType":"widget","settings":{"icon":"fa fa-cc-amex","primary_color":"rgba(122,122,122,0.52)"},"elements":[],"widgetType":"icon"}],"isInner":false},{"id":"bccdecf","elType":"column","settings":{"_column_size":14,"_inline_size":null},"elements":[{"id":"ce3da12","elType":"widget","settings":{"icon":"fa fa-cc-discover","primary_color":"rgba(122,122,122,0.52)"},"elements":[],"widgetType":"icon"}],"isInner":false},{"id":"b1be874","elType":"column","settings":{"_column_size":14,"_inline_size":null},"elements":[{"id":"f028a1a","elType":"widget","settings":{"icon":"fa fa-cc-jcb","primary_color":"rgba(122,122,122,0.52)"},"elements":[],"widgetType":"icon"}],"isInner":false},{"id":"f67cd69","elType":"column","settings":{"_column_size":14,"_inline_size":null},"elements":[{"id":"bca48ea","elType":"widget","settings":{"icon":"fa fa-cc-paypal","primary_color":"rgba(122,122,122,0.52)"},"elements":[],"widgetType":"icon"}],"isInner":false},{"id":"2c96ad0","elType":"column","settings":{"_column_size":14,"_inline_size":null},"elements":[{"id":"6b40a5f","elType":"widget","settings":{"icon":"fa fa-cc-stripe","primary_color":"rgba(122,122,122,0.52)"},"elements":[],"widgetType":"icon"}],"isInner":false},{"id":"3fdab9f","elType":"column","settings":{"_column_size":14,"_inline_size":null},"elements":[{"id":"5d771de","elType":"widget","settings":{"icon":"fa fa-cc-mastercard","primary_color":"rgba(122,122,122,0.52)"},"elements":[],"widgetType":"icon"}],"isInner":false},{"id":"254d727","elType":"column","settings":{"_column_size":14,"_inline_size":null},"elements":[{"id":"a727364","elType":"widget","settings":{"icon":"fa fa-cc-visa","primary_color":"rgba(122,122,122,0.52)"},"elements":[],"widgetType":"icon"}],"isInner":false}],"isInner":false},{"id":"0558a1b","elType":"section","settings":{"margin_mobile":{"unit":"px","top":"20","right":0,"bottom":"0","left":0,"isLinked":false}},"elements":[{"id":"ffd16db","elType":"column","settings":{"_column_size":100},"elements":[{"id":"b10f7a9","elType":"widget","settings":{"text":"Add this to my Order","link":{"url":"[mwb_upsell_yes]","is_external":"","nofollow":""},"align":"justify","size":"xl","typography_typography":"custom","typography_text_transform":"capitalize","background_color":"#78c900","button_box_shadow_box_shadow_type":"yes","button_box_shadow_box_shadow":{"horizontal":2,"vertical":2,"blur":20,"spread":5,"color":"rgba(0,0,0,0.14)"},"icon_indent":{"unit":"px","size":14},"button_text_color":"#ffffff","border_width":{"unit":"px","top":"5","right":"5","bottom":"5","left":"5","isLinked":true},"border_radius":{"unit":"px","top":"10","right":"10","bottom":"10","left":"10","isLinked":true},"typography_font_family":"Roboto","button_background_hover_color":"#80d600","typography_line_height_mobile":{"unit":"em","size":1},"align_tablet":"justify","_margin_tablet":{"unit":"%","top":"0","right":"5","bottom":"0","left":"5","isLinked":false},"_margin_mobile":{"unit":"px","top":"0","right":"0","bottom":"0","left":"0","isLinked":false},"_padding_mobile":{"unit":"px","top":"0","right":"0","bottom":"0","left":"0","isLinked":true}},"elements":[],"widgetType":"button"},{"id":"7740bf6","elType":"widget","settings":{"editor":"<p>Trust us, you'll love this product for sure. We'll even ship this in the same package for free.<\/p>","align":"center","text_color":"#bfbfbf","typography_typography":"custom","typography_font_size":{"unit":"px","size":22},"typography_font_weight":"300","typography_line_height":{"unit":"em","size":2},"_padding":{"unit":"%","top":"0","right":"15","bottom":"0","left":"15","isLinked":false},"_padding_tablet":{"unit":"px","top":"0","right":"25","bottom":"0","left":"25","isLinked":false},"_padding_mobile":{"unit":"px","top":"0","right":"0","bottom":"0","left":"0","isLinked":true},"typography_font_family":"Roboto","typography_font_size_tablet":{"unit":"px","size":20},"typography_font_size_mobile":{"unit":"px","size":14}},"elements":[],"widgetType":"text-editor"},{"id":"b9cd15e","elType":"widget","settings":{"text":"No thanks, I understand that I'll never get this offer again at this price","link":{"url":"[mwb_upsell_no]","is_external":"","nofollow":""},"align":"center","size":"lg","typography_typography":"custom","background_color":"#e50000","button_box_shadow_box_shadow_type":"yes","button_box_shadow_box_shadow":{"horizontal":2,"vertical":2,"blur":20,"spread":5,"color":"rgba(0,0,0,0.14)"},"icon_indent":{"unit":"px","size":14},"button_text_color":"#ffffff","border_width":{"unit":"px","top":"5","right":"5","bottom":"5","left":"5","isLinked":true},"border_radius":{"unit":"px","top":"10","right":"10","bottom":"10","left":"10","isLinked":true},"typography_font_family":"Roboto","button_background_hover_color":"#bf0000","align_mobile":"justify","typography_font_size_mobile":{"unit":"px","size":14},"typography_line_height_mobile":{"unit":"em","size":1},"typography_font_weight":"400","_margin_tablet":{"unit":"%","top":"","right":"","bottom":"","left":"","isLinked":false},"_margin_mobile":{"unit":"%","top":"","right":"","bottom":"","left":"","isLinked":false},"_padding_mobile":{"unit":"em","top":"0","right":"0","bottom":"0","left":"0","isLinked":false}},"elements":[],"widgetType":"button"}],"isInner":false}],"isInner":false},{"id":"f234018","elType":"section","settings":{"gap":"no","custom_height":{"unit":"px","size":1000},"content_position":"middle","padding":{"unit":"px","top":"100","right":"0","bottom":"75","left":"0","isLinked":false},"padding_tablet":{"unit":"px","top":"50","right":"25","bottom":"50","left":"25","isLinked":false},"padding_mobile":{"unit":"px","top":"25","right":"20","bottom":"25","left":"20","isLinked":false},"layout":"full_width"},"elements":[{"id":"74b4798","elType":"column","settings":{"_column_size":100,"padding":{"unit":"px","top":"0","right":"0","bottom":"0","left":"0","isLinked":false}},"elements":[{"id":"9eb8422","elType":"section","settings":{"layout":"full_width","gap":"no","structure":"30","content_width":{"unit":"px","size":567}},"elements":[{"id":"a5eab2f","elType":"column","settings":{"_column_size":33,"_inline_size":null},"elements":[{"id":"9b219d2","elType":"widget","settings":{"icon":"fa fa-shield","view":"framed","title_text":"100% Secure Payments","description_text":"Click edit button to change this text. Lorem ipsum dolor sit amet, consectetur adipiscing elit. Ut elit tellus, luctus nec ullamcorper mattis, pulvinar dapibus leo.","primary_color":"rgba(122,122,122,0.52)","title_color":"rgba(122,122,122,0.52)","title_typography_typography":"custom","title_typography_font_family":"Roboto","description_color":"rgba(84,89,95,0.62)","icon_size_tablet":{"unit":"px","size":35},"title_typography_font_size_tablet":{"unit":"px","size":22},"description_typography_typography":"custom","description_typography_font_size_tablet":{"unit":"px","size":14},"_margin_mobile":{"unit":"px","top":"5","right":"0","bottom":"5","left":"0","isLinked":false},"title_typography_font_size":{"unit":"px","size":25},"title_typography_font_size_mobile":{"unit":"px","size":20},"description_typography_font_size":{"unit":"px","size":15},"description_typography_font_size_mobile":{"unit":"px","size":13}},"elements":[],"widgetType":"icon-box"}],"isInner":true},{"id":"0bae525","elType":"column","settings":{"_column_size":33,"_inline_size":null},"elements":[{"id":"1554027","elType":"widget","settings":{"icon":"fa fa-truck","view":"framed","title_text":"Free Shipping","description_text":"Click edit button to change this text. Lorem ipsum dolor sit amet, consectetur adipiscing elit. Ut elit tellus, luctus nec ullamcorper mattis, pulvinar dapibus leo.","primary_color":"rgba(122,122,122,0.52)","title_color":"rgba(122,122,122,0.52)","title_typography_typography":"custom","title_typography_font_family":"Roboto","description_color":"rgba(84,89,95,0.62)","icon_size_tablet":{"unit":"px","size":35},"title_typography_font_size_tablet":{"unit":"px","size":22},"description_typography_typography":"custom","description_typography_font_size_tablet":{"unit":"px","size":14},"_margin_mobile":{"unit":"px","top":"5","right":"0","bottom":"5","left":"0","isLinked":false},"title_typography_font_size":{"unit":"px","size":25},"title_typography_font_size_mobile":{"unit":"px","size":20},"description_typography_font_size":{"unit":"px","size":15},"description_typography_font_size_mobile":{"unit":"px","size":13}},"elements":[],"widgetType":"icon-box"}],"isInner":true},{"id":"15a2d5d","elType":"column","settings":{"_column_size":33,"_inline_size":null},"elements":[{"id":"a0e7314","elType":"widget","settings":{"icon":"fa fa-hand-peace-o","view":"framed","title_text":"Money Back Guarantee","description_text":"Click edit button to change this text. Lorem ipsum dolor sit amet, consectetur adipiscing elit. Ut elit tellus, luctus nec ullamcorper mattis, pulvinar dapibus leo.","primary_color":"rgba(122,122,122,0.52)","title_color":"rgba(122,122,122,0.52)","title_typography_typography":"custom","title_typography_font_family":"Roboto","description_color":"rgba(84,89,95,0.62)","icon_size_tablet":{"unit":"px","size":35},"title_typography_font_size_tablet":{"unit":"px","size":22},"description_typography_typography":"custom","description_typography_font_size_tablet":{"unit":"px","size":14},"_margin_mobile":{"unit":"px","top":"5","right":"0","bottom":"5","left":"0","isLinked":false},"title_typography_font_size":{"unit":"px","size":25},"title_typography_font_size_mobile":{"unit":"px","size":20},"description_typography_font_size":{"unit":"px","size":15},"description_typography_font_size_mobile":{"unit":"px","size":13}},"elements":[],"widgetType":"icon-box"}],"isInner":true}],"isInner":true}],"isInner":false}],"isInner":false}]