{
  "general_event_name": "text",
  "general_event_delay": "number",
  "general_event_on_posts_enabled": "checkbox",
  "general_event_on_pages_enabled": "checkbox",
  "general_event_on_tax_enabled": "checkbox",
  "general_event_on_woo_enabled": "checkbox",
  "general_event_on_edd_enabled": "checkbox",
  "download_event_extensions": "tag_select",

  "debug_enabled": "checkbox",
  "do_not_track_user_roles": "multi_select",
  "admin_permissions": "multi_select",

  "woo_enabled": "checkbox",
  "woo_add_to_cart_on_button_click": "checkbox",
  "woo_add_to_cart_on_cart_page": "checkbox",
  "woo_add_to_cart_on_checkout_page": "checkbox",
  "woo_purchase_value_option": "radio",
  "woo_purchase_value_global": "number",
  "woo_initiate_checkout_value_enabled": "checkbox",
  "woo_initiate_checkout_value_option": "radio",
  "woo_initiate_checkout_value_global": "number",
  "woo_add_to_cart_value_enabled": "checkbox",
  "woo_add_to_cart_value_option": "radio",
  "woo_add_to_cart_value_global": "number",
  "woo_view_content_delay": "number",
  "woo_view_content_value_enabled": "checkbox",
  "woo_view_content_value_option": "radio",
  "woo_view_content_value_global": "number",

  "edd_enabled": "checkbox",
  "edd_add_to_cart_on_button_click": "checkbox",
  "edd_add_to_cart_on_checkout_page": "checkbox",
  "edd_purchase_value_option": "radio",
  "edd_purchase_value_global": "number",
  "edd_initiate_checkout_value_enabled": "checkbox",
  "edd_initiate_checkout_value_option": "radio",
  "edd_initiate_checkout_value_global": "number",
  "edd_add_to_cart_value_enabled": "checkbox",
  "edd_add_to_cart_value_option": "radio",
  "edd_add_to_cart_value_global": "number",
  "edd_view_content_delay": "number",
  "edd_view_content_value_enabled": "checkbox",
  "edd_view_content_value_option": "radio",
  "edd_view_content_value_global": "number",

  "custom_events_enabled": "checkbox",

  "gdpr_facebook_prior_consent_enabled": "checkbox",
  "gdpr_analytics_prior_consent_enabled": "checkbox",
  "gdpr_pinterest_prior_consent_enabled": "checkbox",
  "gdpr_cookiebot_integration_enabled": "checkbox",
  "gdpr_cookiebot_facebook_consent_category": "text",
  "gdpr_cookiebot_analytics_consent_category": "text",
  "gdpr_cookiebot_pinterest_consent_category": "text",
  "gdpr_ginger_integration_enabled": "checkbox",
  "gdpr_cookie_notice_integration_enabled": "checkbox",
  "gdpr_cookie_law_info_integration_enabled": "checkbox",
  "gdpr_ajax_enabled": "checkbox"
}