{
  "general_event_name": "GeneralEvent",
  "general_event_delay": 0,
  "general_event_on_posts_enabled": true,
  "general_event_on_pages_enabled": true,
  "general_event_on_tax_enabled": true,
  "general_event_on_woo_enabled": true,
  "general_event_on_edd_enabled": true,
  "download_event_extensions": [
    "doc",
    "exe",
    "js",
    "pdf",
    "ppt",
    "tgz",
    "zip",
    "xls"
  ],

  "debug_enabled": false,
  "do_not_track_user_roles": [],
  "admin_permissions": [
    "administrator"
  ],

  "woo_enabled": true,
  "woo_add_to_cart_on_button_click": true,
  "woo_add_to_cart_on_cart_page": false,
  "woo_add_to_cart_on_checkout_page": false,
  "woo_purchase_value_option": "price",
  "woo_purchase_value_global": 0,
  "woo_initiate_checkout_value_enabled": false,
  "woo_initiate_checkout_value_option": "price",
  "woo_initiate_checkout_value_global": 0,
  "woo_add_to_cart_value_enabled": true,
  "woo_add_to_cart_value_option": "price",
  "woo_add_to_cart_value_global": 0,
  "woo_view_content_delay": 0,
  "woo_view_content_value_enabled": false,
  "woo_view_content_value_option": "price",
  "woo_view_content_value_global": 0,

  "edd_enabled": true,
  "edd_add_to_cart_on_button_click": true,
  "edd_add_to_cart_on_checkout_page": false,
  "edd_purchase_value_option": "price",
  "edd_purchase_value_global": 0,
  "edd_initiate_checkout_value_enabled": false,
  "edd_initiate_checkout_value_option": "price",
  "edd_initiate_checkout_value_global": 0,
  "edd_add_to_cart_value_enabled": true,
  "edd_add_to_cart_value_option": "price",
  "edd_add_to_cart_value_global": 0,
  "edd_view_content_delay": 0,
  "edd_view_content_value_enabled": false,
  "edd_view_content_value_option": "price",
  "edd_view_content_value_global": 0,

  "custom_events_enabled": true,

  "gdpr_facebook_prior_consent_enabled": true,
  "gdpr_analytics_prior_consent_enabled": true,
  "gdpr_pinterest_prior_consent_enabled": true,
  "gdpr_cookiebot_integration_enabled": false,
  "gdpr_cookiebot_facebook_consent_category": "marketing",
  "gdpr_cookiebot_analytics_consent_category": "statistics",
  "gdpr_cookiebot_pinterest_consent_category": "marketing",
  "gdpr_ginger_integration_enabled": false,
  "gdpr_cookie_notice_integration_enabled": false,
  "gdpr_cookie_law_info_integration_enabled": false,
  "gdpr_ajax_enabled": false
}