{
  "enabled": "checkbox",
  "tracking_id": "array",
  "enhance_link_attribution": "checkbox",
  "anonimize_ip": "checkbox",

  "search_event_enabled": "checkbox",
  "search_event_non_interactive": "checkbox",
  "comment_event_enabled": "checkbox",
  "comment_event_non_interactive": "checkbox",
  "download_event_enabled": "checkbox",
  "download_event_non_interactive": "checkbox",
  "form_event_enabled": "checkbox",
  "form_event_non_interactive": "checkbox",

  "woo_purchase_enabled": "checkbox",
  "woo_purchase_non_interactive": "checkbox",
  "woo_initiate_checkout_enabled": "checkbox",
  "woo_initiate_checkout_non_interactive": "checkbox",
  "woo_remove_from_cart_enabled": "checkbox",
  "woo_remove_from_cart_non_interactive": "checkbox",
  "woo_add_to_cart_enabled": "checkbox",
  "woo_add_to_cart_non_interactive": "checkbox",
  "woo_view_content_enabled": "checkbox",
  "woo_view_content_non_interactive": "checkbox",
  "woo_view_category_enabled": "checkbox",
  "woo_view_category_non_interactive": "checkbox",

  "edd_purchase_enabled": "checkbox",
  "edd_purchase_non_interactive": "checkbox",
  "edd_initiate_checkout_enabled": "checkbox",
  "edd_initiate_checkout_non_interactive": "checkbox",
  "edd_remove_from_cart_enabled": "checkbox",
  "edd_remove_from_cart_non_interactive": "checkbox",
  "edd_add_to_cart_enabled": "checkbox",
  "edd_add_to_cart_non_interactive": "checkbox",
  "edd_view_content_enabled": "checkbox",
  "edd_view_content_non_interactive": "checkbox",
  "edd_view_category_enabled": "checkbox",
  "edd_view_category_non_interactive": "checkbox"
}