{
  "enabled": true,
  "tracking_id": "",
  "enhance_link_attribution": false,
  "anonimize_ip": false,

  "search_event_enabled": true,
  "search_event_non_interactive": true,
  "comment_event_enabled": true,
  "comment_event_non_interactive": false,
  "download_event_enabled": true,
  "download_event_non_interactive": false,
  "form_event_enabled": true,
  "form_event_non_interactive": false,

  "woo_purchase_enabled": true,
  "woo_purchase_non_interactive": true,
  "woo_initiate_checkout_enabled": true,
  "woo_initiate_checkout_non_interactive": true,
  "woo_remove_from_cart_enabled": true,
  "woo_remove_from_cart_non_interactive": false,
  "woo_add_to_cart_enabled": true,
  "woo_add_to_cart_non_interactive": false,
  "woo_view_content_enabled": true,
  "woo_view_content_non_interactive": true,
  "woo_view_category_enabled": true,
  "woo_view_category_non_interactive": true,

  "edd_purchase_enabled": true,
  "edd_purchase_non_interactive": true,
  "edd_initiate_checkout_enabled": true,
  "edd_initiate_checkout_non_interactive": true,
  "edd_remove_from_cart_enabled": true,
  "edd_remove_from_cart_non_interactive": false,
  "edd_add_to_cart_enabled": true,
  "edd_add_to_cart_non_interactive": false,
  "edd_view_content_enabled": true,
  "edd_view_content_non_interactive": true,
  "edd_view_category_enabled": true,
  "edd_view_category_non_interactive": true
}